#
# There is insufficient memory for the Java Runtime Environment to continue.
# Native memory allocation (malloc) failed to allocate 1046688 bytes for Chunk::new
# Possible reasons:
#   The system is out of physical RAM or swap space
#   The process is running with CompressedOops enabled, and the Java Heap may be blocking the growth of the native heap
# Possible solutions:
#   Reduce memory load on the system
#   Increase physical memory or swap space
#   Check if swap backing store is full
#   Decrease Java heap size (-Xmx/-Xms)
#   Decrease number of Java threads
#   Decrease Java thread stack sizes (-Xss)
#   Set larger code cache with -XX:ReservedCodeCacheSize=
#   JVM is running with Zero Based Compressed Oops mode in which the Java heap is
#     placed in the first 32GB address space. The Java Heap base address is the
#     maximum limit for the native heap growth. Please use -XX:HeapBaseMinAddress
#     to set the Java Heap base and to place the Java Heap above 32GB virtual address.
# This output file may be truncated or incomplete.
#
#  Out of Memory Error (arena.cpp:191), pid=21964, tid=11288
#
# JRE version: OpenJDK Runtime Environment (17.0.9) (build 17.0.9+0--11185874)
# Java VM: OpenJDK 64-Bit Server VM (17.0.9+0--11185874, mixed mode, tiered, compressed oops, compressed class ptrs, g1 gc, windows-amd64)
# No core dump will be written. Minidumps are not enabled by default on client versions of Windows
#

---------------  S U M M A R Y ------------

Command Line: --add-opens=java.base/java.lang=ALL-UNNAMED --add-opens=java.base/java.lang.invoke=ALL-UNNAMED --add-opens=java.base/java.util=ALL-UNNAMED --add-opens=java.prefs/java.util.prefs=ALL-UNNAMED --add-exports=jdk.compiler/com.sun.tools.javac.api=ALL-UNNAMED --add-exports=jdk.compiler/com.sun.tools.javac.util=ALL-UNNAMED --add-opens=java.base/java.util=ALL-UNNAMED --add-opens=java.prefs/java.util.prefs=ALL-UNNAMED --add-opens=java.base/java.nio.charset=ALL-UNNAMED --add-opens=java.base/java.net=ALL-UNNAMED --add-opens=java.base/java.util.concurrent.atomic=ALL-UNNAMED --add-opens=java.xml/javax.xml.namespace=ALL-UNNAMED -XX:MaxMetaspaceSize=4G -XX:ReservedCodeCacheSize=512m -XX:+HeapDumpOnOutOfMemoryError -Xmx8G -Dfile.encoding=windows-1258 -Duser.country=US -Duser.language=en -Duser.variant -javaagent:C:\Users\ayenl\.gradle\wrapper\dists\gradle-8.12-all\ejduaidbjup3bmmkhw3rie4zb\gradle-8.12\lib\agents\gradle-instrumentation-agent-8.12.jar org.gradle.launcher.daemon.bootstrap.GradleDaemon 8.12

Host: 11th Gen Intel(R) Core(TM) i7-1165G7 @ 2.80GHz, 8 cores, 15G,  Windows 11 , 64 bit Build 26100 (10.0.26100.3575)
Time: Sat Sep  6 15:07:26 2025 SE Asia Standard Time elapsed time: 870.291151 seconds (0d 0h 14m 30s)

---------------  T H R E A D  ---------------

Current thread (0x000001f9febe1ef0):  JavaThread "C2 CompilerThread0" daemon [_thread_in_native, id=11288, stack(0x000000e714600000,0x000000e714700000)]


Current CompileTask:
C2: 870291 48091       4       com.android.tools.r8.ir.optimize.F::a (343 bytes)

Stack: [0x000000e714600000,0x000000e714700000]
Native frames: (J=compiled Java code, j=interpreted, Vv=VM code, C=native code)
V  [jvm.dll+0x6886e9]
V  [jvm.dll+0x841e4a]
V  [jvm.dll+0x843a8e]
V  [jvm.dll+0x8440f3]
V  [jvm.dll+0x24c14f]
V  [jvm.dll+0xac44c]
V  [jvm.dll+0xaca9c]
V  [jvm.dll+0x36c1f7]
V  [jvm.dll+0x1be4b6]
V  [jvm.dll+0x21df09]
V  [jvm.dll+0x21d1d1]
V  [jvm.dll+0x1a674d]
V  [jvm.dll+0x22d088]
V  [jvm.dll+0x22b1c0]
V  [jvm.dll+0x7f62f7]
V  [jvm.dll+0x7f06aa]
V  [jvm.dll+0x687565]
C  [ucrtbase.dll+0x37b0]
C  [KERNEL32.DLL+0x2e8d7]
C  [ntdll.dll+0xb14fc]


---------------  P R O C E S S  ---------------

Threads class SMR info:
_java_thread_list=0x000001f99931e6c0, length=168, elements={
0x000001f9cce0db30, 0x000001f9fc17e580, 0x000001f9feb77140, 0x000001f9febbf5c0,
0x000001f9febc1ea0, 0x000001f9febdc3f0, 0x000001f9febdecd0, 0x000001f9febe1ef0,
0x000001f9febe3950, 0x000001f9fec107f0, 0x000001f9fecd57c0, 0x000001f9fee85b90,
0x000001f98d667040, 0x000001f98d6eaa00, 0x000001f98d5a2e50, 0x000001f98d79a650,
0x000001f98d79b580, 0x000001f98d799720, 0x000001f98d79ab60, 0x000001f98d79b070,
0x000001f98f4693e0, 0x000001f98fed9d20, 0x000001f9907ca9e0, 0x000001f990495ad0,
0x000001f9904955c0, 0x000001f990495fe0, 0x000001f98fed88e0, 0x000001f999af6760,
0x000001f999af7180, 0x000001f98fa00bd0, 0x000001f98ca708a0, 0x000001f9ff74b540,
0x000001f98ca70390, 0x000001f98ca70db0, 0x000001f98ca712c0, 0x000001f998c12c00,
0x000001f998c121e0, 0x000001f991de8250, 0x000001f98ee39240, 0x000001f98ee37e00,
0x000001f991fb2560, 0x000001f991fb3490, 0x000001f991fb39a0, 0x000001f991eb6080,
0x000001f991eb6aa0, 0x000001f991eb9830, 0x000001f991eb7ee0, 0x000001f991eb6fb0,
0x000001f991eb8e10, 0x000001f991eb6590, 0x000001f991eb9320, 0x000001f98e6a79c0,
0x000001f991de8760, 0x000001f991de9ba0, 0x000001f991de9690, 0x000001f991de8c70,
0x000001f991de7320, 0x000001f991de9180, 0x000001f991eb74c0, 0x000001f991eb8900,
0x000001f991de63f0, 0x000001f98ee378f0, 0x000001f98ee38d30, 0x000001f98ee36ed0,
0x000001f98ee3a680, 0x000001f98ee38310, 0x000001f98ee38820, 0x000001f98e6a6580,
0x000001f991fb2a70, 0x000001f991fb2f80, 0x000001f991dcc0b0, 0x000001f991dcac70,
0x000001f991dcb180, 0x000001f991dca760, 0x000001f991dcb690, 0x000001f991dcbba0,
0x000001f99055d2e0, 0x000001f99055d7f0, 0x000001f99055ec30, 0x000001f99055b480,
0x000001f99055bea0, 0x000001f99055b990, 0x000001f99055cdd0, 0x000001f99055e210,
0x000001f99055c3b0, 0x000001f99055e720, 0x000001f99055c8c0, 0x000001f99055dd00,
0x000001f999bf5f80, 0x000001f999bf6eb0, 0x000001f999bf5560, 0x000001f991de6900,
0x000001f999932680, 0x000001f999eee630, 0x000001f999eee120, 0x000001f999eeeb40,
0x000001f999eed1f0, 0x000001f999eedc10, 0x000001f990190040, 0x000001f991eb79d0,
0x000001f991eb83f0, 0x000001f9996e51b0, 0x000001f9996e60e0, 0x000001f9996e2e40,
0x000001f9996e56c0, 0x000001f991de7830, 0x000001f999933fd0, 0x000001f9999330a0,
0x000001f9999344e0, 0x000001f999931c60, 0x000001f999935410, 0x000001f9999335b0,
0x000001f9999349f0, 0x000001f999bf5a70, 0x000001f999bf5050, 0x000001f999bf4120,
0x000001f999bf6490, 0x000001f999bf4630, 0x000001f999bf73c0, 0x000001f999bf3c10,
0x000001f999bf69a0, 0x000001f991de6e10, 0x000001f991de7d40, 0x000001f998c468b0,
0x000001f998c46dc0, 0x000001f998c472d0, 0x000001f998c477e0, 0x000001f998c47cf0,
0x000001f998c48200, 0x000001f998c48710, 0x000001f998c48c20, 0x000001f998c45980,
0x000001f98ee373e0, 0x000001f98ee39750, 0x000001f98ee39c60, 0x000001f98fa02520,
0x000001f99018ec00, 0x000001f99018f110, 0x000001f98de61ad0, 0x000001f999bf4b40,
0x000001f98fa015f0, 0x000001f999932170, 0x000001f999933ac0, 0x000001f98de65280,
0x000001f9996e3860, 0x000001f998327410, 0x000001f998325ac0, 0x000001f99167a180,
0x000001f991679c70, 0x000001f991678d40, 0x000001f991678830, 0x000001f991679250,
0x000001f99018f620, 0x000001f99018d7c0, 0x000001f99018fb30, 0x000001f9996e3d70,
0x000001f99018e1e0, 0x000001f99018cda0, 0x000001f9996e4790, 0x000001f9996e4ca0,
0x000001f9a0277c90, 0x000001f99bbe90a0, 0x000001f9997c5470, 0x000001f9997c5980,
0x000001f99af0e120, 0x000001f99af0eb40, 0x000001f99a7ab630, 0x000001f99a7ab0e0
}

Java Threads: ( => current thread )
  0x000001f9cce0db30 JavaThread "main" [_thread_blocked, id=18956, stack(0x000000e713900000,0x000000e713a00000)]
  0x000001f9fc17e580 JavaThread "Reference Handler" daemon [_thread_blocked, id=5780, stack(0x000000e714000000,0x000000e714100000)]
  0x000001f9feb77140 JavaThread "Finalizer" daemon [_thread_blocked, id=20564, stack(0x000000e714100000,0x000000e714200000)]
  0x000001f9febbf5c0 JavaThread "Signal Dispatcher" daemon [_thread_blocked, id=17908, stack(0x000000e714200000,0x000000e714300000)]
  0x000001f9febc1ea0 JavaThread "Attach Listener" daemon [_thread_blocked, id=10156, stack(0x000000e714300000,0x000000e714400000)]
  0x000001f9febdc3f0 JavaThread "Service Thread" daemon [_thread_blocked, id=1480, stack(0x000000e714400000,0x000000e714500000)]
  0x000001f9febdecd0 JavaThread "Monitor Deflation Thread" daemon [_thread_blocked, id=19524, stack(0x000000e714500000,0x000000e714600000)]
=>0x000001f9febe1ef0 JavaThread "C2 CompilerThread0" daemon [_thread_in_native, id=11288, stack(0x000000e714600000,0x000000e714700000)]
  0x000001f9febe3950 JavaThread "C1 CompilerThread0" daemon [_thread_blocked, id=20112, stack(0x000000e714700000,0x000000e714800000)]
  0x000001f9fec107f0 JavaThread "Sweeper thread" daemon [_thread_blocked, id=1240, stack(0x000000e714800000,0x000000e714900000)]
  0x000001f9fecd57c0 JavaThread "Common-Cleaner" daemon [_thread_blocked, id=11164, stack(0x000000e714900000,0x000000e714a00000)]
  0x000001f9fee85b90 JavaThread "Notification Thread" daemon [_thread_blocked, id=152, stack(0x000000e714a00000,0x000000e714b00000)]
  0x000001f98d667040 JavaThread "Daemon health stats" [_thread_blocked, id=5604, stack(0x000000e714d00000,0x000000e714e00000)]
  0x000001f98d6eaa00 JavaThread "Incoming local TCP Connector on port 57585" [_thread_in_native, id=7340, stack(0x000000e715300000,0x000000e715400000)]
  0x000001f98d5a2e50 JavaThread "Daemon periodic checks" [_thread_blocked, id=19168, stack(0x000000e715400000,0x000000e715500000)]
  0x000001f98d79a650 JavaThread "Cache worker for journal cache (C:\Users\ayenl\.gradle\caches\journal-1)" [_thread_blocked, id=9556, stack(0x000000e714c00000,0x000000e714d00000)]
  0x000001f98d79b580 JavaThread "File lock request listener" [_thread_in_native, id=17912, stack(0x000000e715f00000,0x000000e716000000)]
  0x000001f98d799720 JavaThread "Cache worker for file hash cache (C:\Users\ayenl\.gradle\caches\8.12\fileHashes)" [_thread_blocked, id=11124, stack(0x000000e716100000,0x000000e716200000)]
  0x000001f98d79ab60 JavaThread "File watcher server" daemon [_thread_in_native, id=20348, stack(0x000000e716500000,0x000000e716600000)]
  0x000001f98d79b070 JavaThread "File watcher consumer" daemon [_thread_blocked, id=13288, stack(0x000000e716600000,0x000000e716700000)]
  0x000001f98f4693e0 JavaThread "Cache worker for file content cache (C:\Users\ayenl\.gradle\caches\8.12\fileContent)" [_thread_blocked, id=21316, stack(0x000000e716800000,0x000000e716900000)]
  0x000001f98fed9d20 JavaThread "Memory manager" [_thread_blocked, id=5612, stack(0x000000e718100000,0x000000e718200000)]
  0x000001f9907ca9e0 JavaThread "jar transforms" [_thread_blocked, id=4636, stack(0x000000e71b900000,0x000000e71ba00000)]
  0x000001f990495ad0 JavaThread "jar transforms Thread 2" [_thread_blocked, id=3508, stack(0x000000e71cc00000,0x000000e71cd00000)]
  0x000001f9904955c0 JavaThread "jar transforms Thread 3" [_thread_blocked, id=14016, stack(0x000000e71ce00000,0x000000e71cf00000)]
  0x000001f990495fe0 JavaThread "jar transforms Thread 4" [_thread_blocked, id=17420, stack(0x000000e71cf00000,0x000000e71d000000)]
  0x000001f98fed88e0 JavaThread "jar transforms Thread 5" [_thread_blocked, id=4640, stack(0x000000e71d000000,0x000000e71d100000)]
  0x000001f999af6760 JavaThread "jar transforms Thread 6" [_thread_blocked, id=20984, stack(0x000000e71d100000,0x000000e71d200000)]
  0x000001f999af7180 JavaThread "jar transforms Thread 7" [_thread_blocked, id=9416, stack(0x000000e71d200000,0x000000e71d300000)]
  0x000001f98fa00bd0 JavaThread "jar transforms Thread 8" [_thread_blocked, id=23236, stack(0x000000e71c600000,0x000000e71c700000)]
  0x000001f98ca708a0 JavaThread "pool-4-thread-1" [_thread_blocked, id=2016, stack(0x000000e71c700000,0x000000e71c800000)]
  0x000001f9ff74b540 JavaThread "Daemon Thread 2" [_thread_blocked, id=3060, stack(0x000000e713600000,0x000000e713700000)]
  0x000001f98ca70390 JavaThread "Handler for socket connection from /127.0.0.1:57585 to /127.0.0.1:62004" [_thread_in_native, id=16452, stack(0x000000e713700000,0x000000e713800000)]
  0x000001f98ca70db0 JavaThread "Cancel handler" [_thread_blocked, id=22968, stack(0x000000e715500000,0x000000e715600000)]
  0x000001f98ca712c0 JavaThread "Daemon worker Thread 2" [_thread_blocked, id=11732, stack(0x000000e715600000,0x000000e715700000)]
  0x000001f998c12c00 JavaThread "Asynchronous log dispatcher for DefaultDaemonConnection: socket connection from /127.0.0.1:57585 to /127.0.0.1:62004" [_thread_blocked, id=20032, stack(0x000000e715700000,0x000000e715800000)]
  0x000001f998c121e0 JavaThread "Stdin handler" [_thread_blocked, id=22524, stack(0x000000e715800000,0x000000e715900000)]
  0x000001f991de8250 JavaThread "Daemon client event forwarder" [_thread_blocked, id=12780, stack(0x000000e715900000,0x000000e715a00000)]
  0x000001f98ee39240 JavaThread "Cache worker for file hash cache (D:\Workspace\HTC\csam_mobile\android\.gradle\8.12\fileHashes)" [_thread_blocked, id=23360, stack(0x000000e715a00000,0x000000e715b00000)]
  0x000001f98ee37e00 JavaThread "Cache worker for Build Output Cleanup Cache (D:\Workspace\HTC\csam_mobile\android\.gradle\buildOutputCleanup)" [_thread_blocked, id=11220, stack(0x000000e715b00000,0x000000e715c00000)]
  0x000001f991fb2560 JavaThread "Cache worker for checksums cache (D:\Workspace\HTC\csam_mobile\android\.gradle\8.12\checksums)" [_thread_blocked, id=11672, stack(0x000000e716300000,0x000000e716400000)]
  0x000001f991fb3490 JavaThread "Cache worker for cache directory md-rule (C:\Users\ayenl\.gradle\caches\8.12\md-rule)" [_thread_blocked, id=4800, stack(0x000000e716400000,0x000000e716500000)]
  0x000001f991fb39a0 JavaThread "Cache worker for cache directory md-supplier (C:\Users\ayenl\.gradle\caches\8.12\md-supplier)" [_thread_blocked, id=9548, stack(0x000000e716700000,0x000000e716800000)]
  0x000001f991eb6080 JavaThread "Cache worker for Build Output Cleanup Cache (D:\src\flutter\packages\flutter_tools\gradle\.gradle\buildOutputCleanup)" [_thread_blocked, id=7848, stack(0x000000e716900000,0x000000e716a00000)]
  0x000001f991eb6aa0 JavaThread "Unconstrained build operations" [_thread_blocked, id=22704, stack(0x000000e716a00000,0x000000e716b00000)]
  0x000001f991eb9830 JavaThread "Unconstrained build operations Thread 2" [_thread_blocked, id=23272, stack(0x000000e716b00000,0x000000e716c00000)]
  0x000001f991eb7ee0 JavaThread "Unconstrained build operations Thread 3" [_thread_blocked, id=5572, stack(0x000000e716c00000,0x000000e716d00000)]
  0x000001f991eb6fb0 JavaThread "Unconstrained build operations Thread 4" [_thread_blocked, id=19476, stack(0x000000e716d00000,0x000000e716e00000)]
  0x000001f991eb8e10 JavaThread "Unconstrained build operations Thread 5" [_thread_blocked, id=5636, stack(0x000000e716e00000,0x000000e716f00000)]
  0x000001f991eb6590 JavaThread "Unconstrained build operations Thread 6" [_thread_blocked, id=18548, stack(0x000000e716f00000,0x000000e717000000)]
  0x000001f991eb9320 JavaThread "Unconstrained build operations Thread 7" [_thread_blocked, id=19060, stack(0x000000e717000000,0x000000e717100000)]
  0x000001f98e6a79c0 JavaThread "Unconstrained build operations Thread 8" [_thread_blocked, id=11724, stack(0x000000e717100000,0x000000e717200000)]
  0x000001f991de8760 JavaThread "Unconstrained build operations Thread 9" [_thread_blocked, id=22992, stack(0x000000e717200000,0x000000e717300000)]
  0x000001f991de9ba0 JavaThread "Unconstrained build operations Thread 10" [_thread_blocked, id=13796, stack(0x000000e717300000,0x000000e717400000)]
  0x000001f991de9690 JavaThread "Unconstrained build operations Thread 11" [_thread_blocked, id=5564, stack(0x000000e717400000,0x000000e717500000)]
  0x000001f991de8c70 JavaThread "Unconstrained build operations Thread 12" [_thread_blocked, id=1528, stack(0x000000e717500000,0x000000e717600000)]
  0x000001f991de7320 JavaThread "Unconstrained build operations Thread 13" [_thread_blocked, id=21660, stack(0x000000e717600000,0x000000e717700000)]
  0x000001f991de9180 JavaThread "Unconstrained build operations Thread 14" [_thread_blocked, id=19304, stack(0x000000e717700000,0x000000e717800000)]
  0x000001f991eb74c0 JavaThread "build event listener" [_thread_blocked, id=20312, stack(0x000000e717900000,0x000000e717a00000)]
  0x000001f991eb8900 JavaThread "included builds" [_thread_blocked, id=15984, stack(0x000000e717a00000,0x000000e717b00000)]
  0x000001f991de63f0 JavaThread "Execution worker" [_thread_blocked, id=19324, stack(0x000000e717b00000,0x000000e717c00000)]
  0x000001f98ee378f0 JavaThread "Execution worker Thread 2" [_thread_blocked, id=4392, stack(0x000000e717c00000,0x000000e717d00000)]
  0x000001f98ee38d30 JavaThread "Execution worker Thread 3" [_thread_blocked, id=11968, stack(0x000000e717d00000,0x000000e717e00000)]
  0x000001f98ee36ed0 JavaThread "Execution worker Thread 4" [_thread_blocked, id=2260, stack(0x000000e717e00000,0x000000e717f00000)]
  0x000001f98ee3a680 JavaThread "Execution worker Thread 5" [_thread_blocked, id=20356, stack(0x000000e717f00000,0x000000e718000000)]
  0x000001f98ee38310 JavaThread "Execution worker Thread 6" [_thread_blocked, id=20300, stack(0x000000e718000000,0x000000e718100000)]
  0x000001f98ee38820 JavaThread "Execution worker Thread 7" [_thread_blocked, id=22924, stack(0x000000e718200000,0x000000e718300000)]
  0x000001f98e6a6580 JavaThread "Cache worker for execution history cache (D:\src\flutter\packages\flutter_tools\gradle\.gradle\8.12\executionHistory)" [_thread_blocked, id=9876, stack(0x000000e718400000,0x000000e718500000)]
  0x000001f991fb2a70 JavaThread "Unconstrained build operations Thread 15" [_thread_blocked, id=7064, stack(0x000000e718500000,0x000000e718600000)]
  0x000001f991fb2f80 JavaThread "Unconstrained build operations Thread 16" [_thread_blocked, id=760, stack(0x000000e718600000,0x000000e718700000)]
  0x000001f991dcc0b0 JavaThread "Unconstrained build operations Thread 17" [_thread_blocked, id=10976, stack(0x000000e718700000,0x000000e718800000)]
  0x000001f991dcac70 JavaThread "Unconstrained build operations Thread 18" [_thread_blocked, id=22552, stack(0x000000e718800000,0x000000e718900000)]
  0x000001f991dcb180 JavaThread "Unconstrained build operations Thread 19" [_thread_blocked, id=15216, stack(0x000000e718900000,0x000000e718a00000)]
  0x000001f991dca760 JavaThread "Unconstrained build operations Thread 20" [_thread_blocked, id=9904, stack(0x000000e718a00000,0x000000e718b00000)]
  0x000001f991dcb690 JavaThread "Unconstrained build operations Thread 21" [_thread_blocked, id=22736, stack(0x000000e718b00000,0x000000e718c00000)]
  0x000001f991dcbba0 JavaThread "Unconstrained build operations Thread 22" [_thread_blocked, id=23004, stack(0x000000e718c00000,0x000000e718d00000)]
  0x000001f99055d2e0 JavaThread "Unconstrained build operations Thread 23" [_thread_blocked, id=2092, stack(0x000000e718d00000,0x000000e718e00000)]
  0x000001f99055d7f0 JavaThread "Unconstrained build operations Thread 24" [_thread_blocked, id=19760, stack(0x000000e718e00000,0x000000e718f00000)]
  0x000001f99055ec30 JavaThread "Unconstrained build operations Thread 25" [_thread_blocked, id=19996, stack(0x000000e718f00000,0x000000e719000000)]
  0x000001f99055b480 JavaThread "Unconstrained build operations Thread 26" [_thread_blocked, id=20800, stack(0x000000e719000000,0x000000e719100000)]
  0x000001f99055bea0 JavaThread "Unconstrained build operations Thread 27" [_thread_blocked, id=9572, stack(0x000000e719100000,0x000000e719200000)]
  0x000001f99055b990 JavaThread "Unconstrained build operations Thread 28" [_thread_blocked, id=19712, stack(0x000000e719200000,0x000000e719300000)]
  0x000001f99055cdd0 JavaThread "Unconstrained build operations Thread 29" [_thread_blocked, id=11756, stack(0x000000e719300000,0x000000e719400000)]
  0x000001f99055e210 JavaThread "Unconstrained build operations Thread 30" [_thread_blocked, id=16528, stack(0x000000e719400000,0x000000e719500000)]
  0x000001f99055c3b0 JavaThread "Unconstrained build operations Thread 31" [_thread_blocked, id=11916, stack(0x000000e719500000,0x000000e719600000)]
  0x000001f99055e720 JavaThread "Unconstrained build operations Thread 32" [_thread_blocked, id=15348, stack(0x000000e719600000,0x000000e719700000)]
  0x000001f99055c8c0 JavaThread "Unconstrained build operations Thread 33" [_thread_blocked, id=21628, stack(0x000000e719700000,0x000000e719800000)]
  0x000001f99055dd00 JavaThread "Unconstrained build operations Thread 34" [_thread_blocked, id=7272, stack(0x000000e719800000,0x000000e719900000)]
  0x000001f999bf5f80 JavaThread "Unconstrained build operations Thread 35" [_thread_blocked, id=3228, stack(0x000000e719900000,0x000000e719a00000)]
  0x000001f999bf6eb0 JavaThread "Unconstrained build operations Thread 36" [_thread_blocked, id=16692, stack(0x000000e719a00000,0x000000e719b00000)]
  0x000001f999bf5560 JavaThread "Unconstrained build operations Thread 37" [_thread_blocked, id=22564, stack(0x000000e719b00000,0x000000e719c00000)]
  0x000001f991de6900 JavaThread "Unconstrained build operations Thread 38" [_thread_blocked, id=9436, stack(0x000000e719c00000,0x000000e719d00000)]
  0x000001f999932680 JavaThread "Unconstrained build operations Thread 39" [_thread_blocked, id=23448, stack(0x000000e719d00000,0x000000e719e00000)]
  0x000001f999eee630 JavaThread "Unconstrained build operations Thread 40" [_thread_blocked, id=18724, stack(0x000000e719e00000,0x000000e719f00000)]
  0x000001f999eee120 JavaThread "Unconstrained build operations Thread 41" [_thread_blocked, id=15512, stack(0x000000e719f00000,0x000000e71a000000)]
  0x000001f999eeeb40 JavaThread "Unconstrained build operations Thread 42" [_thread_blocked, id=23200, stack(0x000000e71a000000,0x000000e71a100000)]
  0x000001f999eed1f0 JavaThread "Unconstrained build operations Thread 43" [_thread_blocked, id=4240, stack(0x000000e71a100000,0x000000e71a200000)]
  0x000001f999eedc10 JavaThread "Unconstrained build operations Thread 44" [_thread_blocked, id=6496, stack(0x000000e71a200000,0x000000e71a300000)]
  0x000001f990190040 JavaThread "build event listener" [_thread_blocked, id=16436, stack(0x000000e71a300000,0x000000e71a400000)]
  0x000001f991eb79d0 JavaThread "Unconstrained build operations Thread 45" [_thread_blocked, id=5292, stack(0x000000e71a400000,0x000000e71a500000)]
  0x000001f991eb83f0 JavaThread "Unconstrained build operations Thread 46" [_thread_blocked, id=21684, stack(0x000000e71a500000,0x000000e71a600000)]
  0x000001f9996e51b0 JavaThread "Unconstrained build operations Thread 47" [_thread_blocked, id=21212, stack(0x000000e71a600000,0x000000e71a700000)]
  0x000001f9996e60e0 JavaThread "Unconstrained build operations Thread 48" [_thread_blocked, id=23252, stack(0x000000e71a700000,0x000000e71a800000)]
  0x000001f9996e2e40 JavaThread "Unconstrained build operations Thread 49" [_thread_blocked, id=4008, stack(0x000000e71a800000,0x000000e71a900000)]
  0x000001f9996e56c0 JavaThread "Unconstrained build operations Thread 50" [_thread_blocked, id=6516, stack(0x000000e71a900000,0x000000e71aa00000)]
  0x000001f991de7830 JavaThread "Unconstrained build operations Thread 51" [_thread_blocked, id=1380, stack(0x000000e71aa00000,0x000000e71ab00000)]
  0x000001f999933fd0 JavaThread "Unconstrained build operations Thread 52" [_thread_blocked, id=5380, stack(0x000000e71ab00000,0x000000e71ac00000)]
  0x000001f9999330a0 JavaThread "Unconstrained build operations Thread 53" [_thread_blocked, id=17012, stack(0x000000e71ac00000,0x000000e71ad00000)]
  0x000001f9999344e0 JavaThread "Unconstrained build operations Thread 54" [_thread_blocked, id=3756, stack(0x000000e71ad00000,0x000000e71ae00000)]
  0x000001f999931c60 JavaThread "Unconstrained build operations Thread 55" [_thread_blocked, id=18048, stack(0x000000e71ae00000,0x000000e71af00000)]
  0x000001f999935410 JavaThread "Unconstrained build operations Thread 56" [_thread_blocked, id=11368, stack(0x000000e71af00000,0x000000e71b000000)]
  0x000001f9999335b0 JavaThread "Unconstrained build operations Thread 57" [_thread_blocked, id=12984, stack(0x000000e71b000000,0x000000e71b100000)]
  0x000001f9999349f0 JavaThread "Unconstrained build operations Thread 58" [_thread_blocked, id=12716, stack(0x000000e71b100000,0x000000e71b200000)]
  0x000001f999bf5a70 JavaThread "Problems report writer" [_thread_blocked, id=17980, stack(0x000000e71b200000,0x000000e71b300000)]
  0x000001f999bf5050 JavaThread "Unconstrained build operations Thread 59" [_thread_blocked, id=17888, stack(0x000000e71b300000,0x000000e71b400000)]
  0x000001f999bf4120 JavaThread "Unconstrained build operations Thread 60" [_thread_blocked, id=5956, stack(0x000000e71b400000,0x000000e71b500000)]
  0x000001f999bf6490 JavaThread "Unconstrained build operations Thread 61" [_thread_blocked, id=15936, stack(0x000000e71b500000,0x000000e71b600000)]
  0x000001f999bf4630 JavaThread "Unconstrained build operations Thread 62" [_thread_blocked, id=20512, stack(0x000000e71b600000,0x000000e71b700000)]
  0x000001f999bf73c0 JavaThread "Unconstrained build operations Thread 63" [_thread_blocked, id=13124, stack(0x000000e71b700000,0x000000e71b800000)]
  0x000001f999bf3c10 JavaThread "Unconstrained build operations Thread 64" [_thread_blocked, id=11116, stack(0x000000e71b800000,0x000000e71b900000)]
  0x000001f999bf69a0 JavaThread "Unconstrained build operations Thread 65" [_thread_blocked, id=20648, stack(0x000000e71ba00000,0x000000e71bb00000)]
  0x000001f991de6e10 JavaThread "Unconstrained build operations Thread 66" [_thread_blocked, id=5040, stack(0x000000e71bb00000,0x000000e71bc00000)]
  0x000001f991de7d40 JavaThread "Unconstrained build operations Thread 67" [_thread_blocked, id=18364, stack(0x000000e71bc00000,0x000000e71bd00000)]
  0x000001f998c468b0 JavaThread "Unconstrained build operations Thread 68" [_thread_blocked, id=15324, stack(0x000000e71bd00000,0x000000e71be00000)]
  0x000001f998c46dc0 JavaThread "Unconstrained build operations Thread 69" [_thread_blocked, id=6716, stack(0x000000e71be00000,0x000000e71bf00000)]
  0x000001f998c472d0 JavaThread "Unconstrained build operations Thread 70" [_thread_blocked, id=20836, stack(0x000000e71bf00000,0x000000e71c000000)]
  0x000001f998c477e0 JavaThread "Unconstrained build operations Thread 71" [_thread_blocked, id=15980, stack(0x000000e71c000000,0x000000e71c100000)]
  0x000001f998c47cf0 JavaThread "Unconstrained build operations Thread 72" [_thread_in_Java, id=4924, stack(0x000000e71c100000,0x000000e71c200000)]
  0x000001f998c48200 JavaThread "Unconstrained build operations Thread 73" [_thread_blocked, id=18304, stack(0x000000e71c200000,0x000000e71c300000)]
  0x000001f998c48710 JavaThread "Unconstrained build operations Thread 74" [_thread_blocked, id=10528, stack(0x000000e71c300000,0x000000e71c400000)]
  0x000001f998c48c20 JavaThread "Unconstrained build operations Thread 75" [_thread_in_Java, id=13472, stack(0x000000e71c400000,0x000000e71c500000)]
  0x000001f998c45980 JavaThread "Unconstrained build operations Thread 76" [_thread_blocked, id=20324, stack(0x000000e71c500000,0x000000e71c600000)]
  0x000001f98ee373e0 JavaThread "Unconstrained build operations Thread 77" [_thread_blocked, id=21688, stack(0x000000e71c800000,0x000000e71c900000)]
  0x000001f98ee39750 JavaThread "Unconstrained build operations Thread 78" [_thread_blocked, id=19972, stack(0x000000e71c900000,0x000000e71ca00000)]
  0x000001f98ee39c60 JavaThread "Unconstrained build operations Thread 79" [_thread_in_Java, id=21496, stack(0x000000e71ca00000,0x000000e71cb00000)]
  0x000001f98fa02520 JavaThread "Unconstrained build operations Thread 80" [_thread_blocked, id=12072, stack(0x000000e71cd00000,0x000000e71ce00000)]
  0x000001f99018ec00 JavaThread "pool-7-thread-1" [_thread_blocked, id=20736, stack(0x000000e71d300000,0x000000e71d400000)]
  0x000001f99018f110 JavaThread "build event listener" [_thread_blocked, id=13500, stack(0x000000e71d400000,0x000000e71d500000)]
  0x000001f98de61ad0 JavaThread "Cache worker for execution history cache (D:\Workspace\HTC\csam_mobile\android\.gradle\8.12\executionHistory)" [_thread_blocked, id=18008, stack(0x000000e71d500000,0x000000e71d600000)]
  0x000001f999bf4b40 JavaThread "WorkerExecutor Queue Thread 2" [_thread_blocked, id=13544, stack(0x000000e71d900000,0x000000e71da00000)]
  0x000001f98fa015f0 JavaThread "WorkerExecutor Queue Thread 3" [_thread_blocked, id=22356, stack(0x000000e71da00000,0x000000e71db00000)]
  0x000001f999932170 JavaThread "WorkerExecutor Queue Thread 4" [_thread_blocked, id=6384, stack(0x000000e71dc00000,0x000000e71dd00000)]
  0x000001f999933ac0 JavaThread "WorkerExecutor Queue Thread 6" [_thread_blocked, id=20500, stack(0x000000e71de00000,0x000000e71df00000)]
  0x000001f98de65280 JavaThread "WorkerExecutor Queue Thread 7" [_thread_blocked, id=3480, stack(0x000000e71e000000,0x000000e71e100000)]
  0x000001f9996e3860 JavaThread "WorkerExecutor Queue Thread 8" [_thread_blocked, id=10100, stack(0x000000e71e100000,0x000000e71e200000)]
  0x000001f998327410 JavaThread "WorkerExecutor Queue Thread 9" [_thread_blocked, id=9232, stack(0x000000e71e200000,0x000000e71e300000)]
  0x000001f998325ac0 JavaThread "WorkerExecutor Queue Thread 10" [_thread_blocked, id=15880, stack(0x000000e717800000,0x000000e717900000)]
  0x000001f99167a180 JavaThread "Cache worker for Java compile cache (C:\Users\ayenl\.gradle\caches\8.12\javaCompile)" [_thread_blocked, id=2176, stack(0x000000e716200000,0x000000e716300000)]
  0x000001f991679c70 JavaThread "Build operations" [_thread_blocked, id=19780, stack(0x000000e71e300000,0x000000e71e400000)]
  0x000001f991678d40 JavaThread "Build operations Thread 2" [_thread_blocked, id=21816, stack(0x000000e71e400000,0x000000e71e500000)]
  0x000001f991678830 JavaThread "Build operations Thread 3" [_thread_blocked, id=23240, stack(0x000000e71e500000,0x000000e71e600000)]
  0x000001f991679250 JavaThread "Build operations Thread 4" [_thread_blocked, id=4444, stack(0x000000e71e600000,0x000000e71e700000)]
  0x000001f99018f620 JavaThread "Build operations Thread 5" [_thread_blocked, id=23428, stack(0x000000e71e700000,0x000000e71e800000)]
  0x000001f99018d7c0 JavaThread "Build operations Thread 6" [_thread_blocked, id=22892, stack(0x000000e71e800000,0x000000e71e900000)]
  0x000001f99018fb30 JavaThread "Build operations Thread 7" [_thread_blocked, id=22856, stack(0x000000e71e900000,0x000000e71ea00000)]
  0x000001f9996e3d70 JavaThread "pool-8-thread-1" [_thread_blocked, id=15648, stack(0x000000e71ea00000,0x000000e71eb00000)]
  0x000001f99018e1e0 JavaThread "stderr" [_thread_in_native, id=23060, stack(0x000000e71eb00000,0x000000e71ec00000)]
  0x000001f99018cda0 JavaThread "stdout" [_thread_in_native, id=14344, stack(0x000000e71ec00000,0x000000e71ed00000)]
  0x000001f9996e4790 JavaThread "stderr" [_thread_in_native, id=13108, stack(0x000000e71ed00000,0x000000e71ee00000)]
  0x000001f9996e4ca0 JavaThread "stdout" [_thread_in_native, id=21304, stack(0x000000e71ee00000,0x000000e71ef00000)]
  0x000001f9a0277c90 JavaThread "RMI Scheduler(0)" daemon [_thread_blocked, id=2884, stack(0x000000e71ef00000,0x000000e71f000000)]
  0x000001f99bbe90a0 JavaThread "RMI GC Daemon" daemon [_thread_blocked, id=2384, stack(0x000000e71f100000,0x000000e71f200000)]
  0x000001f9997c5470 JavaThread "RMI TCP Accept-0" daemon [_thread_in_native, id=10124, stack(0x000000e71f200000,0x000000e71f300000)]
  0x000001f9997c5980 JavaThread "RMI Reaper" [_thread_blocked, id=2840, stack(0x000000e71f300000,0x000000e71f400000)]
  0x000001f99af0e120 JavaThread "Build operations Thread 8" [_thread_blocked, id=11764, stack(0x000000e71f500000,0x000000e71f600000)]
  0x000001f99af0eb40 JavaThread "RMI TCP Connection(idle)" daemon [_thread_blocked, id=22272, stack(0x000000e71f700000,0x000000e71f800000)]
  0x000001f99a7ab630 JavaThread "C2 CompilerThread1" daemon [_thread_in_native, id=22672, stack(0x000000e71d600000,0x000000e71d700000)]
  0x000001f99a7ab0e0 JavaThread "C2 CompilerThread2" daemon [_thread_in_native, id=2404, stack(0x000000e71d700000,0x000000e71d800000)]

Other Threads:
  0x000001f9fc17e050 VMThread "VM Thread" [stack: 0x000000e713f00000,0x000000e714000000] [id=18984]
  0x000001f9feebd010 WatcherThread [stack: 0x000000e714b00000,0x000000e714c00000] [id=19552]
  0x000001f9fbfc19b0 GCTaskThread "GC Thread#0" [stack: 0x000000e713a00000,0x000000e713b00000] [id=8252]
  0x000001f9ff5e21b0 GCTaskThread "GC Thread#1" [stack: 0x000000e714e00000,0x000000e714f00000] [id=21204]
  0x000001f9ff4665a0 GCTaskThread "GC Thread#2" [stack: 0x000000e714f00000,0x000000e715000000] [id=16324]
  0x000001f9ff0e5360 GCTaskThread "GC Thread#3" [stack: 0x000000e715000000,0x000000e715100000] [id=17416]
  0x000001f9ff0e5620 GCTaskThread "GC Thread#4" [stack: 0x000000e715100000,0x000000e715200000] [id=9776]
  0x000001f9ff52b5d0 GCTaskThread "GC Thread#5" [stack: 0x000000e715200000,0x000000e715300000] [id=16780]
  0x000001f98da46370 GCTaskThread "GC Thread#6" [stack: 0x000000e715c00000,0x000000e715d00000] [id=12244]
  0x000001f98d6e6ed0 GCTaskThread "GC Thread#7" [stack: 0x000000e715d00000,0x000000e715e00000] [id=10784]
  0x000001f9cce8f670 ConcurrentGCThread "G1 Main Marker" [stack: 0x000000e713b00000,0x000000e713c00000] [id=19708]
  0x000001f9cce90b70 ConcurrentGCThread "G1 Conc#0" [stack: 0x000000e713c00000,0x000000e713d00000] [id=10796]
  0x000001f98d9083c0 ConcurrentGCThread "G1 Conc#1" [stack: 0x000000e715e00000,0x000000e715f00000] [id=14512]
  0x000001f9fc02d830 ConcurrentGCThread "G1 Refine#0" [stack: 0x000000e713d00000,0x000000e713e00000] [id=21632]
  0x000001f98f082b90 ConcurrentGCThread "G1 Refine#1" [stack: 0x000000e713800000,0x000000e713900000] [id=22188]
  0x000001f98f084020 ConcurrentGCThread "G1 Refine#2" [stack: 0x000000e716000000,0x000000e716100000] [id=22500]
  0x000001f98f084600 ConcurrentGCThread "G1 Refine#3" [stack: 0x000000e718300000,0x000000e718400000] [id=3780]
  0x000001f98f083170 ConcurrentGCThread "G1 Refine#4" [stack: 0x000000e71cb00000,0x000000e71cc00000] [id=20520]
  0x000001f9fc02e010 ConcurrentGCThread "G1 Service" [stack: 0x000000e713e00000,0x000000e713f00000] [id=16240]

Threads with active compile tasks:
C2 CompilerThread0   870350 48091       4       com.android.tools.r8.ir.optimize.F::a (343 bytes)
C2 CompilerThread1   870350 48105       4       com.android.tools.r8.internal.Wm::b (3611 bytes)
C2 CompilerThread2   870351 48089       4       com.android.tools.r8.ir.optimize.e0::a (1588 bytes)

VM state: not at safepoint (normal execution)

VM Mutex/Monitor currently owned by a thread: None

Heap address: 0x0000000600000000, size: 8192 MB, Compressed Oops mode: Zero based, Oop shift amount: 3

CDS archive(s) not mapped
Compressed class space mapped at: 0x0000000800000000-0x0000000840000000, reserved size: 1073741824
Narrow klass base: 0x0000000800000000, Narrow klass shift: 0, Narrow klass range: 0x40000000

GC Precious Log:
 CPUs: 8 total, 8 available
 Memory: 16026M
 Large Page Support: Disabled
 NUMA Support: Disabled
 Compressed Oops: Enabled (Zero based)
 Heap Region Size: 4M
 Heap Min Capacity: 8M
 Heap Initial Capacity: 252M
 Heap Max Capacity: 8G
 Pre-touch: Disabled
 Parallel Workers: 8
 Concurrent Workers: 2
 Concurrent Refinement Workers: 8
 Periodic GC: Disabled

Heap:
 garbage-first heap   total 2117632K, used 1562600K [0x0000000600000000, 0x0000000800000000)
  region size 4096K, 290 young (1187840K), 18 survivors (73728K)
 Metaspace       used 212794K, committed 214528K, reserved 1245184K
  class space    used 27853K, committed 28672K, reserved 1048576K

Heap Regions: E=young(eden), S=young(survivor), O=old, HS=humongous(starts), HC=humongous(continues), CS=collection set, F=free, OA=open archive, CA=closed archive, TAMS=top-at-mark-start (previous, next)
|   0|0x0000000600000000, 0x0000000600400000, 0x0000000600400000|100%|HS|  |TAMS 0x0000000600400000, 0x0000000600000000| Complete 
|   1|0x0000000600400000, 0x0000000600800000, 0x0000000600800000|100%| O|  |TAMS 0x0000000600800000, 0x0000000600400000| Untracked 
|   2|0x0000000600800000, 0x0000000600c00000, 0x0000000600c00000|100%| O|  |TAMS 0x0000000600c00000, 0x0000000600800000| Untracked 
|   3|0x0000000600c00000, 0x0000000601000000, 0x0000000601000000|100%| O|  |TAMS 0x0000000601000000, 0x0000000600c00000| Untracked 
|   4|0x0000000601000000, 0x0000000601400000, 0x0000000601400000|100%| O|  |TAMS 0x0000000601400000, 0x0000000601000000| Untracked 
|   5|0x0000000601400000, 0x0000000601800000, 0x0000000601800000|100%| O|  |TAMS 0x0000000601800000, 0x0000000601400000| Untracked 
|   6|0x0000000601800000, 0x0000000601c00000, 0x0000000601c00000|100%| O|  |TAMS 0x0000000601c00000, 0x0000000601800000| Untracked 
|   7|0x0000000601c00000, 0x0000000602000000, 0x0000000602000000|100%| O|  |TAMS 0x0000000602000000, 0x0000000601c00000| Untracked 
|   8|0x0000000602000000, 0x0000000602400000, 0x0000000602400000|100%| O|  |TAMS 0x0000000602400000, 0x0000000602000000| Untracked 
|   9|0x0000000602400000, 0x0000000602800000, 0x0000000602800000|100%|HS|  |TAMS 0x0000000602800000, 0x0000000602400000| Complete 
|  10|0x0000000602800000, 0x0000000602c00000, 0x0000000602c00000|100%| O|  |TAMS 0x0000000602c00000, 0x0000000602800000| Untracked 
|  11|0x0000000602c00000, 0x0000000603000000, 0x0000000603000000|100%| O|  |TAMS 0x0000000603000000, 0x0000000602c00000| Untracked 
|  12|0x0000000603000000, 0x0000000603400000, 0x0000000603400000|100%|HS|  |TAMS 0x0000000603400000, 0x0000000603000000| Complete 
|  13|0x0000000603400000, 0x0000000603800000, 0x0000000603800000|100%| O|  |TAMS 0x0000000603800000, 0x0000000603400000| Untracked 
|  14|0x0000000603800000, 0x0000000603c00000, 0x0000000603c00000|100%| O|  |TAMS 0x0000000603c00000, 0x0000000603800000| Untracked 
|  15|0x0000000603c00000, 0x0000000604000000, 0x0000000604000000|100%| O|  |TAMS 0x0000000604000000, 0x0000000603c00000| Untracked 
|  16|0x0000000604000000, 0x0000000604400000, 0x0000000604400000|100%| O|  |TAMS 0x0000000604400000, 0x0000000604000000| Untracked 
|  17|0x0000000604400000, 0x0000000604800000, 0x0000000604800000|100%| O|  |TAMS 0x0000000604800000, 0x0000000604400000| Untracked 
|  18|0x0000000604800000, 0x0000000604c00000, 0x0000000604c00000|100%| O|  |TAMS 0x0000000604c00000, 0x0000000604800000| Untracked 
|  19|0x0000000604c00000, 0x0000000605000000, 0x0000000605000000|100%| O|  |TAMS 0x0000000605000000, 0x0000000604c00000| Untracked 
|  20|0x0000000605000000, 0x0000000605400000, 0x0000000605400000|100%| O|  |TAMS 0x0000000605400000, 0x0000000605000000| Untracked 
|  21|0x0000000605400000, 0x0000000605800000, 0x0000000605800000|100%| O|  |TAMS 0x0000000605800000, 0x0000000605400000| Untracked 
|  22|0x0000000605800000, 0x0000000605c00000, 0x0000000605c00000|100%| O|  |TAMS 0x0000000605c00000, 0x0000000605800000| Untracked 
|  23|0x0000000605c00000, 0x0000000606000000, 0x0000000606000000|100%| O|  |TAMS 0x0000000606000000, 0x0000000605c00000| Untracked 
|  24|0x0000000606000000, 0x0000000606400000, 0x0000000606400000|100%| O|  |TAMS 0x0000000606400000, 0x0000000606000000| Untracked 
|  25|0x0000000606400000, 0x0000000606800000, 0x0000000606800000|100%| O|  |TAMS 0x0000000606800000, 0x0000000606400000| Untracked 
|  26|0x0000000606800000, 0x0000000606c00000, 0x0000000606c00000|100%| O|  |TAMS 0x0000000606c00000, 0x0000000606800000| Untracked 
|  27|0x0000000606c00000, 0x0000000607000000, 0x0000000607000000|100%| O|  |TAMS 0x0000000607000000, 0x0000000606c00000| Untracked 
|  28|0x0000000607000000, 0x0000000607400000, 0x0000000607400000|100%| O|  |TAMS 0x0000000607400000, 0x0000000607000000| Untracked 
|  29|0x0000000607400000, 0x0000000607800000, 0x0000000607800000|100%| O|  |TAMS 0x0000000607800000, 0x0000000607400000| Untracked 
|  30|0x0000000607800000, 0x0000000607c00000, 0x0000000607c00000|100%| O|  |TAMS 0x0000000607800000, 0x0000000607800000| Untracked 
|  31|0x0000000607c00000, 0x0000000608000000, 0x0000000608000000|100%| O|  |TAMS 0x0000000608000000, 0x0000000607c00000| Untracked 
|  32|0x0000000608000000, 0x00000006082a4e00, 0x0000000608400000| 66%| O|  |TAMS 0x0000000608000000, 0x0000000608000000| Untracked 
|  33|0x0000000608400000, 0x0000000608400000, 0x0000000608800000|  0%| F|  |TAMS 0x0000000608400000, 0x0000000608400000| Untracked 
|  34|0x0000000608800000, 0x0000000608800000, 0x0000000608c00000|  0%| F|  |TAMS 0x0000000608800000, 0x0000000608800000| Untracked 
|  35|0x0000000608c00000, 0x0000000608c00000, 0x0000000609000000|  0%| F|  |TAMS 0x0000000608c00000, 0x0000000608c00000| Untracked 
|  36|0x0000000609000000, 0x0000000609000000, 0x0000000609400000|  0%| F|  |TAMS 0x0000000609000000, 0x0000000609000000| Untracked 
|  37|0x0000000609400000, 0x0000000609400000, 0x0000000609800000|  0%| F|  |TAMS 0x0000000609400000, 0x0000000609400000| Untracked 
|  38|0x0000000609800000, 0x0000000609800000, 0x0000000609c00000|  0%| F|  |TAMS 0x0000000609800000, 0x0000000609800000| Untracked 
|  39|0x0000000609c00000, 0x0000000609c00000, 0x000000060a000000|  0%| F|  |TAMS 0x0000000609c00000, 0x0000000609c00000| Untracked 
|  40|0x000000060a000000, 0x000000060a000000, 0x000000060a400000|  0%| F|  |TAMS 0x000000060a000000, 0x000000060a000000| Untracked 
|  41|0x000000060a400000, 0x000000060a800000, 0x000000060a800000|100%| O|  |TAMS 0x000000060a800000, 0x000000060a400000| Untracked 
|  42|0x000000060a800000, 0x000000060ac00000, 0x000000060ac00000|100%| O|  |TAMS 0x000000060ac00000, 0x000000060a800000| Untracked 
|  43|0x000000060ac00000, 0x000000060b000000, 0x000000060b000000|100%| O|  |TAMS 0x000000060b000000, 0x000000060ac00000| Untracked 
|  44|0x000000060b000000, 0x000000060b400000, 0x000000060b400000|100%| O|  |TAMS 0x000000060b400000, 0x000000060b000000| Untracked 
|  45|0x000000060b400000, 0x000000060b800000, 0x000000060b800000|100%| O|  |TAMS 0x000000060b800000, 0x000000060b400000| Untracked 
|  46|0x000000060b800000, 0x000000060bc00000, 0x000000060bc00000|100%| O|  |TAMS 0x000000060bc00000, 0x000000060b800000| Untracked 
|  47|0x000000060bc00000, 0x000000060c000000, 0x000000060c000000|100%| O|  |TAMS 0x000000060c000000, 0x000000060bc00000| Untracked 
|  48|0x000000060c000000, 0x000000060c400000, 0x000000060c400000|100%| O|  |TAMS 0x000000060c400000, 0x000000060c000000| Untracked 
|  49|0x000000060c400000, 0x000000060c800000, 0x000000060c800000|100%| O|  |TAMS 0x000000060c800000, 0x000000060c400000| Untracked 
|  50|0x000000060c800000, 0x000000060c800000, 0x000000060cc00000|  0%| F|  |TAMS 0x000000060c800000, 0x000000060c800000| Untracked 
|  51|0x000000060cc00000, 0x000000060cc00000, 0x000000060d000000|  0%| F|  |TAMS 0x000000060cc00000, 0x000000060cc00000| Untracked 
|  52|0x000000060d000000, 0x000000060d000000, 0x000000060d400000|  0%| F|  |TAMS 0x000000060d000000, 0x000000060d000000| Untracked 
|  53|0x000000060d400000, 0x000000060d400000, 0x000000060d800000|  0%| F|  |TAMS 0x000000060d400000, 0x000000060d400000| Untracked 
|  54|0x000000060d800000, 0x000000060d800000, 0x000000060dc00000|  0%| F|  |TAMS 0x000000060d800000, 0x000000060d800000| Untracked 
|  55|0x000000060dc00000, 0x000000060dc00000, 0x000000060e000000|  0%| F|  |TAMS 0x000000060dc00000, 0x000000060dc00000| Untracked 
|  56|0x000000060e000000, 0x000000060e000000, 0x000000060e400000|  0%| F|  |TAMS 0x000000060e000000, 0x000000060e000000| Untracked 
|  57|0x000000060e400000, 0x000000060e400000, 0x000000060e800000|  0%| F|  |TAMS 0x000000060e400000, 0x000000060e400000| Untracked 
|  58|0x000000060e800000, 0x000000060ec00000, 0x000000060ec00000|100%| O|  |TAMS 0x000000060ec00000, 0x000000060e800000| Untracked 
|  59|0x000000060ec00000, 0x000000060ec00000, 0x000000060f000000|  0%| F|  |TAMS 0x000000060ec00000, 0x000000060ec00000| Untracked 
|  60|0x000000060f000000, 0x000000060f400000, 0x000000060f400000|100%| O|  |TAMS 0x000000060f400000, 0x000000060f000000| Untracked 
|  61|0x000000060f400000, 0x000000060f400000, 0x000000060f800000|  0%| F|  |TAMS 0x000000060f400000, 0x000000060f400000| Untracked 
|  62|0x000000060f800000, 0x000000060fc00000, 0x000000060fc00000|100%| O|  |TAMS 0x000000060fc00000, 0x000000060f800000| Untracked 
|  63|0x000000060fc00000, 0x000000060fc00000, 0x0000000610000000|  0%| F|  |TAMS 0x000000060fc00000, 0x000000060fc00000| Untracked 
|  64|0x0000000610000000, 0x0000000610400000, 0x0000000610400000|100%| O|  |TAMS 0x0000000610400000, 0x0000000610000000| Untracked 
|  65|0x0000000610400000, 0x0000000610400000, 0x0000000610800000|  0%| F|  |TAMS 0x0000000610400000, 0x0000000610400000| Untracked 
|  66|0x0000000610800000, 0x0000000610c00000, 0x0000000610c00000|100%| O|  |TAMS 0x0000000610c00000, 0x0000000610800000| Untracked 
|  67|0x0000000610c00000, 0x0000000611000000, 0x0000000611000000|100%|HS|  |TAMS 0x0000000611000000, 0x0000000610c00000| Complete 
|  68|0x0000000611000000, 0x0000000611400000, 0x0000000611400000|100%| O|  |TAMS 0x0000000611400000, 0x0000000611000000| Untracked 
|  69|0x0000000611400000, 0x0000000611800000, 0x0000000611800000|100%| O|  |TAMS 0x0000000611800000, 0x0000000611400000| Untracked 
|  70|0x0000000611800000, 0x0000000611c00000, 0x0000000611c00000|100%| O|  |TAMS 0x0000000611c00000, 0x0000000611800000| Untracked 
|  71|0x0000000611c00000, 0x0000000612000000, 0x0000000612000000|100%| O|  |TAMS 0x0000000612000000, 0x0000000611c00000| Untracked 
|  72|0x0000000612000000, 0x0000000612400000, 0x0000000612400000|100%| O|  |TAMS 0x0000000612400000, 0x0000000612000000| Untracked 
|  73|0x0000000612400000, 0x0000000612400000, 0x0000000612800000|  0%| F|  |TAMS 0x0000000612400000, 0x0000000612400000| Untracked 
|  74|0x0000000612800000, 0x0000000612c00000, 0x0000000612c00000|100%| O|  |TAMS 0x0000000612c00000, 0x0000000612800000| Untracked 
|  75|0x0000000612c00000, 0x0000000612c00000, 0x0000000613000000|  0%| F|  |TAMS 0x0000000612c00000, 0x0000000612c00000| Untracked 
|  76|0x0000000613000000, 0x0000000613400000, 0x0000000613400000|100%| O|  |TAMS 0x0000000613400000, 0x0000000613000000| Untracked 
|  77|0x0000000613400000, 0x0000000613400000, 0x0000000613800000|  0%| F|  |TAMS 0x0000000613400000, 0x0000000613400000| Untracked 
|  78|0x0000000613800000, 0x0000000613800000, 0x0000000613c00000|  0%| F|  |TAMS 0x0000000613800000, 0x0000000613800000| Untracked 
|  79|0x0000000613c00000, 0x0000000614000000, 0x0000000614000000|100%| O|  |TAMS 0x0000000614000000, 0x0000000613c00000| Untracked 
|  80|0x0000000614000000, 0x0000000614400000, 0x0000000614400000|100%| O|  |TAMS 0x0000000614400000, 0x0000000614000000| Untracked 
|  81|0x0000000614400000, 0x0000000614400000, 0x0000000614800000|  0%| F|  |TAMS 0x0000000614400000, 0x0000000614400000| Untracked 
|  82|0x0000000614800000, 0x0000000614800000, 0x0000000614c00000|  0%| F|  |TAMS 0x0000000614800000, 0x0000000614800000| Untracked 
|  83|0x0000000614c00000, 0x0000000614c00000, 0x0000000615000000|  0%| F|  |TAMS 0x0000000614c00000, 0x0000000614c00000| Untracked 
|  84|0x0000000615000000, 0x0000000615000000, 0x0000000615400000|  0%| F|  |TAMS 0x0000000615000000, 0x0000000615000000| Untracked 
|  85|0x0000000615400000, 0x0000000615400000, 0x0000000615800000|  0%| F|  |TAMS 0x0000000615400000, 0x0000000615400000| Untracked 
|  86|0x0000000615800000, 0x0000000615c00000, 0x0000000615c00000|100%| O|  |TAMS 0x0000000615c00000, 0x0000000615800000| Untracked 
|  87|0x0000000615c00000, 0x0000000616000000, 0x0000000616000000|100%| O|  |TAMS 0x0000000616000000, 0x0000000615c00000| Untracked 
|  88|0x0000000616000000, 0x0000000616400000, 0x0000000616400000|100%| O|  |TAMS 0x0000000616400000, 0x0000000616000000| Untracked 
|  89|0x0000000616400000, 0x0000000616800000, 0x0000000616800000|100%| O|  |TAMS 0x0000000616800000, 0x0000000616400000| Untracked 
|  90|0x0000000616800000, 0x0000000616c00000, 0x0000000616c00000|100%| O|  |TAMS 0x0000000616c00000, 0x0000000616800000| Untracked 
|  91|0x0000000616c00000, 0x0000000617000000, 0x0000000617000000|100%| O|  |TAMS 0x0000000617000000, 0x0000000616c00000| Untracked 
|  92|0x0000000617000000, 0x0000000617400000, 0x0000000617400000|100%| O|  |TAMS 0x0000000617400000, 0x0000000617000000| Untracked 
|  93|0x0000000617400000, 0x0000000617800000, 0x0000000617800000|100%| O|  |TAMS 0x0000000617800000, 0x0000000617400000| Untracked 
|  94|0x0000000617800000, 0x0000000617c00000, 0x0000000617c00000|100%| O|  |TAMS 0x0000000617c00000, 0x0000000617800000| Untracked 
|  95|0x0000000617c00000, 0x0000000618000000, 0x0000000618000000|100%| O|  |TAMS 0x0000000618000000, 0x0000000617c00000| Untracked 
|  96|0x0000000618000000, 0x0000000618400000, 0x0000000618400000|100%| O|  |TAMS 0x0000000618400000, 0x0000000618000000| Untracked 
|  97|0x0000000618400000, 0x0000000618800000, 0x0000000618800000|100%| O|  |TAMS 0x0000000618800000, 0x0000000618400000| Untracked 
|  98|0x0000000618800000, 0x0000000618c00000, 0x0000000618c00000|100%| O|  |TAMS 0x0000000618c00000, 0x0000000618800000| Untracked 
|  99|0x0000000618c00000, 0x0000000619000000, 0x0000000619000000|100%|HS|  |TAMS 0x0000000619000000, 0x0000000618c00000| Complete 
| 100|0x0000000619000000, 0x0000000619400000, 0x0000000619400000|100%| O|  |TAMS 0x0000000619400000, 0x0000000619000000| Untracked 
| 101|0x0000000619400000, 0x0000000619800000, 0x0000000619800000|100%| O|  |TAMS 0x0000000619800000, 0x0000000619400000| Untracked 
| 102|0x0000000619800000, 0x0000000619c00000, 0x0000000619c00000|100%| O|  |TAMS 0x0000000619c00000, 0x0000000619800000| Untracked 
| 103|0x0000000619c00000, 0x000000061a000000, 0x000000061a000000|100%| O|  |TAMS 0x000000061a000000, 0x0000000619c00000| Untracked 
| 104|0x000000061a000000, 0x000000061a400000, 0x000000061a400000|100%| O|  |TAMS 0x000000061a400000, 0x000000061a000000| Untracked 
| 105|0x000000061a400000, 0x000000061a800000, 0x000000061a800000|100%| O|  |TAMS 0x000000061a800000, 0x000000061a400000| Untracked 
| 106|0x000000061a800000, 0x000000061ac00000, 0x000000061ac00000|100%| O|  |TAMS 0x000000061ac00000, 0x000000061a800000| Untracked 
| 107|0x000000061ac00000, 0x000000061b000000, 0x000000061b000000|100%| O|  |TAMS 0x000000061af1e800, 0x000000061ac00000| Untracked 
| 108|0x000000061b000000, 0x000000061b000000, 0x000000061b400000|  0%| F|  |TAMS 0x000000061b000000, 0x000000061b000000| Untracked 
| 109|0x000000061b400000, 0x000000061b400000, 0x000000061b800000|  0%| F|  |TAMS 0x000000061b400000, 0x000000061b400000| Untracked 
| 110|0x000000061b800000, 0x000000061b800000, 0x000000061bc00000|  0%| F|  |TAMS 0x000000061b800000, 0x000000061b800000| Untracked 
| 111|0x000000061bc00000, 0x000000061bc00000, 0x000000061c000000|  0%| F|  |TAMS 0x000000061bc00000, 0x000000061bc00000| Untracked 
| 112|0x000000061c000000, 0x000000061c000000, 0x000000061c400000|  0%| F|  |TAMS 0x000000061c000000, 0x000000061c000000| Untracked 
| 113|0x000000061c400000, 0x000000061c400000, 0x000000061c800000|  0%| F|  |TAMS 0x000000061c400000, 0x000000061c400000| Untracked 
| 114|0x000000061c800000, 0x000000061c800000, 0x000000061cc00000|  0%| F|  |TAMS 0x000000061c800000, 0x000000061c800000| Untracked 
| 115|0x000000061cc00000, 0x000000061cc00000, 0x000000061d000000|  0%| F|  |TAMS 0x000000061cc00000, 0x000000061cc00000| Untracked 
| 116|0x000000061d000000, 0x000000061d400000, 0x000000061d400000|100%| O|  |TAMS 0x000000061d000000, 0x000000061d000000| Untracked 
| 117|0x000000061d400000, 0x000000061d800000, 0x000000061d800000|100%| O|  |TAMS 0x000000061d400000, 0x000000061d400000| Untracked 
| 118|0x000000061d800000, 0x000000061dc00000, 0x000000061dc00000|100%| O|  |TAMS 0x000000061d800000, 0x000000061d800000| Untracked 
| 119|0x000000061dc00000, 0x000000061e000000, 0x000000061e000000|100%| O|  |TAMS 0x000000061dc00000, 0x000000061dc00000| Untracked 
| 120|0x000000061e000000, 0x000000061e400000, 0x000000061e400000|100%| O|  |TAMS 0x000000061e000000, 0x000000061e000000| Untracked 
| 121|0x000000061e400000, 0x000000061e800000, 0x000000061e800000|100%| O|  |TAMS 0x000000061e400000, 0x000000061e400000| Untracked 
| 122|0x000000061e800000, 0x000000061ec00000, 0x000000061ec00000|100%| O|  |TAMS 0x000000061e800000, 0x000000061e800000| Untracked 
| 123|0x000000061ec00000, 0x000000061f000000, 0x000000061f000000|100%| O|  |TAMS 0x000000061ec00000, 0x000000061ec00000| Untracked 
| 124|0x000000061f000000, 0x000000061f400000, 0x000000061f400000|100%| O|  |TAMS 0x000000061f000000, 0x000000061f000000| Untracked 
| 125|0x000000061f400000, 0x000000061f800000, 0x000000061f800000|100%| O|  |TAMS 0x000000061f400000, 0x000000061f400000| Untracked 
| 126|0x000000061f800000, 0x000000061fc00000, 0x000000061fc00000|100%| O|  |TAMS 0x000000061f800000, 0x000000061f800000| Untracked 
| 127|0x000000061fc00000, 0x0000000620000000, 0x0000000620000000|100%| O|  |TAMS 0x000000061fc00000, 0x000000061fc00000| Untracked 
| 128|0x0000000620000000, 0x0000000620400000, 0x0000000620400000|100%| O|  |TAMS 0x0000000620000000, 0x0000000620000000| Untracked 
| 129|0x0000000620400000, 0x0000000620800000, 0x0000000620800000|100%| O|  |TAMS 0x0000000620400000, 0x0000000620400000| Untracked 
| 130|0x0000000620800000, 0x0000000620800000, 0x0000000620c00000|  0%| F|  |TAMS 0x0000000620800000, 0x0000000620800000| Untracked 
| 131|0x0000000620c00000, 0x0000000620c00000, 0x0000000621000000|  0%| F|  |TAMS 0x0000000620c00000, 0x0000000620c00000| Untracked 
| 132|0x0000000621000000, 0x0000000621000000, 0x0000000621400000|  0%| F|  |TAMS 0x0000000621000000, 0x0000000621000000| Untracked 
| 133|0x0000000621400000, 0x0000000621400000, 0x0000000621800000|  0%| F|  |TAMS 0x0000000621400000, 0x0000000621400000| Untracked 
| 134|0x0000000621800000, 0x0000000621800000, 0x0000000621c00000|  0%| F|  |TAMS 0x0000000621800000, 0x0000000621800000| Untracked 
| 135|0x0000000621c00000, 0x0000000621c00000, 0x0000000622000000|  0%| F|  |TAMS 0x0000000621c00000, 0x0000000621c00000| Untracked 
| 136|0x0000000622000000, 0x0000000622000000, 0x0000000622400000|  0%| F|  |TAMS 0x0000000622000000, 0x0000000622000000| Untracked 
| 137|0x0000000622400000, 0x0000000622400000, 0x0000000622800000|  0%| F|  |TAMS 0x0000000622400000, 0x0000000622400000| Untracked 
| 138|0x0000000622800000, 0x0000000622800000, 0x0000000622c00000|  0%| F|  |TAMS 0x0000000622800000, 0x0000000622800000| Untracked 
| 139|0x0000000622c00000, 0x0000000622c00000, 0x0000000623000000|  0%| F|  |TAMS 0x0000000622c00000, 0x0000000622c00000| Untracked 
| 140|0x0000000623000000, 0x0000000623000000, 0x0000000623400000|  0%| F|  |TAMS 0x0000000623000000, 0x0000000623000000| Untracked 
| 141|0x0000000623400000, 0x0000000623400000, 0x0000000623800000|  0%| F|  |TAMS 0x0000000623400000, 0x0000000623400000| Untracked 
| 142|0x0000000623800000, 0x0000000623800000, 0x0000000623c00000|  0%| F|  |TAMS 0x0000000623800000, 0x0000000623800000| Untracked 
| 143|0x0000000623c00000, 0x0000000623c00000, 0x0000000624000000|  0%| F|  |TAMS 0x0000000623c00000, 0x0000000623c00000| Untracked 
| 144|0x0000000624000000, 0x0000000624000000, 0x0000000624400000|  0%| F|  |TAMS 0x0000000624000000, 0x0000000624000000| Untracked 
| 145|0x0000000624400000, 0x0000000624400000, 0x0000000624800000|  0%| F|  |TAMS 0x0000000624400000, 0x0000000624400000| Untracked 
| 146|0x0000000624800000, 0x0000000624800000, 0x0000000624c00000|  0%| F|  |TAMS 0x0000000624800000, 0x0000000624800000| Untracked 
| 147|0x0000000624c00000, 0x0000000624c00000, 0x0000000625000000|  0%| F|  |TAMS 0x0000000624c00000, 0x0000000624c00000| Untracked 
| 148|0x0000000625000000, 0x0000000625000000, 0x0000000625400000|  0%| F|  |TAMS 0x0000000625000000, 0x0000000625000000| Untracked 
| 149|0x0000000625400000, 0x0000000625400000, 0x0000000625800000|  0%| F|  |TAMS 0x0000000625400000, 0x0000000625400000| Untracked 
| 150|0x0000000625800000, 0x0000000625800000, 0x0000000625c00000|  0%| F|  |TAMS 0x0000000625800000, 0x0000000625800000| Untracked 
| 151|0x0000000625c00000, 0x0000000625c00000, 0x0000000626000000|  0%| F|  |TAMS 0x0000000625c00000, 0x0000000625c00000| Untracked 
| 152|0x0000000626000000, 0x0000000626000000, 0x0000000626400000|  0%| F|  |TAMS 0x0000000626000000, 0x0000000626000000| Untracked 
| 153|0x0000000626400000, 0x0000000626400000, 0x0000000626800000|  0%| F|  |TAMS 0x0000000626400000, 0x0000000626400000| Untracked 
| 154|0x0000000626800000, 0x0000000626800000, 0x0000000626c00000|  0%| F|  |TAMS 0x0000000626800000, 0x0000000626800000| Untracked 
| 155|0x0000000626c00000, 0x0000000626c00000, 0x0000000627000000|  0%| F|  |TAMS 0x0000000626c00000, 0x0000000626c00000| Untracked 
| 156|0x0000000627000000, 0x0000000627000000, 0x0000000627400000|  0%| F|  |TAMS 0x0000000627000000, 0x0000000627000000| Untracked 
| 157|0x0000000627400000, 0x0000000627400000, 0x0000000627800000|  0%| F|  |TAMS 0x0000000627400000, 0x0000000627400000| Untracked 
| 158|0x0000000627800000, 0x0000000627800000, 0x0000000627c00000|  0%| F|  |TAMS 0x0000000627800000, 0x0000000627800000| Untracked 
| 159|0x0000000627c00000, 0x0000000627c00000, 0x0000000628000000|  0%| F|  |TAMS 0x0000000627c00000, 0x0000000627c00000| Untracked 
| 160|0x0000000628000000, 0x0000000628000000, 0x0000000628400000|  0%| F|  |TAMS 0x0000000628000000, 0x0000000628000000| Untracked 
| 161|0x0000000628400000, 0x0000000628400000, 0x0000000628800000|  0%| F|  |TAMS 0x0000000628400000, 0x0000000628400000| Untracked 
| 162|0x0000000628800000, 0x0000000628800000, 0x0000000628c00000|  0%| F|  |TAMS 0x0000000628800000, 0x0000000628800000| Untracked 
| 163|0x0000000628c00000, 0x0000000628c00000, 0x0000000629000000|  0%| F|  |TAMS 0x0000000628c00000, 0x0000000628c00000| Untracked 
| 164|0x0000000629000000, 0x0000000629000000, 0x0000000629400000|  0%| F|  |TAMS 0x0000000629000000, 0x0000000629000000| Untracked 
| 165|0x0000000629400000, 0x0000000629400000, 0x0000000629800000|  0%| F|  |TAMS 0x0000000629400000, 0x0000000629400000| Untracked 
| 166|0x0000000629800000, 0x0000000629800000, 0x0000000629c00000|  0%| F|  |TAMS 0x0000000629800000, 0x0000000629800000| Untracked 
| 167|0x0000000629c00000, 0x0000000629c00000, 0x000000062a000000|  0%| F|  |TAMS 0x0000000629c00000, 0x0000000629c00000| Untracked 
| 168|0x000000062a000000, 0x000000062a000000, 0x000000062a400000|  0%| F|  |TAMS 0x000000062a000000, 0x000000062a000000| Untracked 
| 169|0x000000062a400000, 0x000000062a400000, 0x000000062a800000|  0%| F|  |TAMS 0x000000062a400000, 0x000000062a400000| Untracked 
| 170|0x000000062a800000, 0x000000062a800000, 0x000000062ac00000|  0%| F|  |TAMS 0x000000062a800000, 0x000000062a800000| Untracked 
| 171|0x000000062ac00000, 0x000000062ac00000, 0x000000062b000000|  0%| F|  |TAMS 0x000000062ac00000, 0x000000062ac00000| Untracked 
| 172|0x000000062b000000, 0x000000062b000000, 0x000000062b400000|  0%| F|  |TAMS 0x000000062b000000, 0x000000062b000000| Untracked 
| 173|0x000000062b400000, 0x000000062b400000, 0x000000062b800000|  0%| F|  |TAMS 0x000000062b400000, 0x000000062b400000| Untracked 
| 174|0x000000062b800000, 0x000000062b800000, 0x000000062bc00000|  0%| F|  |TAMS 0x000000062b800000, 0x000000062b800000| Untracked 
| 175|0x000000062bc00000, 0x000000062bc00000, 0x000000062c000000|  0%| F|  |TAMS 0x000000062bc00000, 0x000000062bc00000| Untracked 
| 176|0x000000062c000000, 0x000000062c000000, 0x000000062c400000|  0%| F|  |TAMS 0x000000062c000000, 0x000000062c000000| Untracked 
| 177|0x000000062c400000, 0x000000062c400000, 0x000000062c800000|  0%| F|  |TAMS 0x000000062c400000, 0x000000062c400000| Untracked 
| 178|0x000000062c800000, 0x000000062c800000, 0x000000062cc00000|  0%| F|  |TAMS 0x000000062c800000, 0x000000062c800000| Untracked 
| 179|0x000000062cc00000, 0x000000062cc00000, 0x000000062d000000|  0%| F|  |TAMS 0x000000062cc00000, 0x000000062cc00000| Untracked 
| 180|0x000000062d000000, 0x000000062d000000, 0x000000062d400000|  0%| F|  |TAMS 0x000000062d000000, 0x000000062d000000| Untracked 
| 181|0x000000062d400000, 0x000000062d400000, 0x000000062d800000|  0%| F|  |TAMS 0x000000062d400000, 0x000000062d400000| Untracked 
| 182|0x000000062d800000, 0x000000062d800000, 0x000000062dc00000|  0%| F|  |TAMS 0x000000062d800000, 0x000000062d800000| Untracked 
| 183|0x000000062dc00000, 0x000000062dc00000, 0x000000062e000000|  0%| F|  |TAMS 0x000000062dc00000, 0x000000062dc00000| Untracked 
| 184|0x000000062e000000, 0x000000062e000000, 0x000000062e400000|  0%| F|  |TAMS 0x000000062e000000, 0x000000062e000000| Untracked 
| 185|0x000000062e400000, 0x000000062e400000, 0x000000062e800000|  0%| F|  |TAMS 0x000000062e400000, 0x000000062e400000| Untracked 
| 186|0x000000062e800000, 0x000000062e800000, 0x000000062ec00000|  0%| F|  |TAMS 0x000000062e800000, 0x000000062e800000| Untracked 
| 187|0x000000062ec00000, 0x000000062ec00000, 0x000000062f000000|  0%| F|  |TAMS 0x000000062ec00000, 0x000000062ec00000| Untracked 
| 188|0x000000062f000000, 0x000000062f000000, 0x000000062f400000|  0%| F|  |TAMS 0x000000062f000000, 0x000000062f000000| Untracked 
| 189|0x000000062f400000, 0x000000062f400000, 0x000000062f800000|  0%| F|  |TAMS 0x000000062f400000, 0x000000062f400000| Untracked 
| 190|0x000000062f800000, 0x000000062f800000, 0x000000062fc00000|  0%| F|  |TAMS 0x000000062f800000, 0x000000062f800000| Untracked 
| 191|0x000000062fc00000, 0x000000062fc00000, 0x0000000630000000|  0%| F|  |TAMS 0x000000062fc00000, 0x000000062fc00000| Untracked 
| 192|0x0000000630000000, 0x0000000630000000, 0x0000000630400000|  0%| F|  |TAMS 0x0000000630000000, 0x0000000630000000| Untracked 
| 193|0x0000000630400000, 0x0000000630400000, 0x0000000630800000|  0%| F|  |TAMS 0x0000000630400000, 0x0000000630400000| Untracked 
| 194|0x0000000630800000, 0x0000000630800000, 0x0000000630c00000|  0%| F|  |TAMS 0x0000000630800000, 0x0000000630800000| Untracked 
| 195|0x0000000630c00000, 0x0000000630c00000, 0x0000000631000000|  0%| F|  |TAMS 0x0000000630c00000, 0x0000000630c00000| Untracked 
| 196|0x0000000631000000, 0x0000000631000000, 0x0000000631400000|  0%| F|  |TAMS 0x0000000631000000, 0x0000000631000000| Untracked 
| 197|0x0000000631400000, 0x0000000631400000, 0x0000000631800000|  0%| F|  |TAMS 0x0000000631400000, 0x0000000631400000| Untracked 
| 198|0x0000000631800000, 0x0000000631800000, 0x0000000631c00000|  0%| F|  |TAMS 0x0000000631800000, 0x0000000631800000| Untracked 
| 199|0x0000000631c00000, 0x0000000631c00000, 0x0000000632000000|  0%| F|  |TAMS 0x0000000631c00000, 0x0000000631c00000| Untracked 
| 200|0x0000000632000000, 0x0000000632000000, 0x0000000632400000|  0%| F|  |TAMS 0x0000000632000000, 0x0000000632000000| Untracked 
| 201|0x0000000632400000, 0x0000000632400000, 0x0000000632800000|  0%| F|  |TAMS 0x0000000632400000, 0x0000000632400000| Untracked 
| 202|0x0000000632800000, 0x0000000632800000, 0x0000000632c00000|  0%| F|  |TAMS 0x0000000632800000, 0x0000000632800000| Untracked 
| 203|0x0000000632c00000, 0x0000000632c00000, 0x0000000633000000|  0%| F|  |TAMS 0x0000000632c00000, 0x0000000632c00000| Untracked 
| 204|0x0000000633000000, 0x0000000633000000, 0x0000000633400000|  0%| F|  |TAMS 0x0000000633000000, 0x0000000633000000| Untracked 
| 205|0x0000000633400000, 0x0000000633400000, 0x0000000633800000|  0%| F|  |TAMS 0x0000000633400000, 0x0000000633400000| Untracked 
| 206|0x0000000633800000, 0x0000000633800000, 0x0000000633c00000|  0%| F|  |TAMS 0x0000000633800000, 0x0000000633800000| Untracked 
| 207|0x0000000633c00000, 0x0000000633c00000, 0x0000000634000000|  0%| F|  |TAMS 0x0000000633c00000, 0x0000000633c00000| Untracked 
| 208|0x0000000634000000, 0x0000000634000000, 0x0000000634400000|  0%| F|  |TAMS 0x0000000634000000, 0x0000000634000000| Untracked 
| 209|0x0000000634400000, 0x0000000634400000, 0x0000000634800000|  0%| F|  |TAMS 0x0000000634400000, 0x0000000634400000| Untracked 
| 210|0x0000000634800000, 0x0000000634800000, 0x0000000634c00000|  0%| F|  |TAMS 0x0000000634800000, 0x0000000634800000| Untracked 
| 211|0x0000000634c00000, 0x0000000634f55200, 0x0000000635000000| 83%| S|CS|TAMS 0x0000000634c00000, 0x0000000634c00000| Complete 
| 212|0x0000000635000000, 0x0000000635400000, 0x0000000635400000|100%| S|CS|TAMS 0x0000000635000000, 0x0000000635000000| Complete 
| 213|0x0000000635400000, 0x0000000635800000, 0x0000000635800000|100%| S|CS|TAMS 0x0000000635400000, 0x0000000635400000| Complete 
| 214|0x0000000635800000, 0x0000000635c00000, 0x0000000635c00000|100%| S|CS|TAMS 0x0000000635800000, 0x0000000635800000| Complete 
| 215|0x0000000635c00000, 0x0000000636000000, 0x0000000636000000|100%| S|CS|TAMS 0x0000000635c00000, 0x0000000635c00000| Complete 
| 216|0x0000000636000000, 0x0000000636400000, 0x0000000636400000|100%| S|CS|TAMS 0x0000000636000000, 0x0000000636000000| Complete 
| 217|0x0000000636400000, 0x0000000636800000, 0x0000000636800000|100%| S|CS|TAMS 0x0000000636400000, 0x0000000636400000| Complete 
| 218|0x0000000636800000, 0x0000000636c00000, 0x0000000636c00000|100%| S|CS|TAMS 0x0000000636800000, 0x0000000636800000| Complete 
| 219|0x0000000636c00000, 0x0000000637000000, 0x0000000637000000|100%| S|CS|TAMS 0x0000000636c00000, 0x0000000636c00000| Complete 
| 220|0x0000000637000000, 0x0000000637400000, 0x0000000637400000|100%| S|CS|TAMS 0x0000000637000000, 0x0000000637000000| Complete 
| 221|0x0000000637400000, 0x0000000637800000, 0x0000000637800000|100%| S|CS|TAMS 0x0000000637400000, 0x0000000637400000| Complete 
| 222|0x0000000637800000, 0x0000000637c00000, 0x0000000637c00000|100%| S|CS|TAMS 0x0000000637800000, 0x0000000637800000| Complete 
| 223|0x0000000637c00000, 0x0000000638000000, 0x0000000638000000|100%| S|CS|TAMS 0x0000000637c00000, 0x0000000637c00000| Complete 
| 224|0x0000000638000000, 0x0000000638400000, 0x0000000638400000|100%| S|CS|TAMS 0x0000000638000000, 0x0000000638000000| Complete 
| 225|0x0000000638400000, 0x0000000638800000, 0x0000000638800000|100%| S|CS|TAMS 0x0000000638400000, 0x0000000638400000| Complete 
| 226|0x0000000638800000, 0x0000000638c00000, 0x0000000638c00000|100%| S|CS|TAMS 0x0000000638800000, 0x0000000638800000| Complete 
| 227|0x0000000638c00000, 0x0000000639000000, 0x0000000639000000|100%| S|CS|TAMS 0x0000000638c00000, 0x0000000638c00000| Complete 
| 228|0x0000000639000000, 0x0000000639400000, 0x0000000639400000|100%| S|CS|TAMS 0x0000000639000000, 0x0000000639000000| Complete 
| 229|0x0000000639400000, 0x0000000639400000, 0x0000000639800000|  0%| F|  |TAMS 0x0000000639400000, 0x0000000639400000| Untracked 
| 230|0x0000000639800000, 0x0000000639800000, 0x0000000639c00000|  0%| F|  |TAMS 0x0000000639800000, 0x0000000639800000| Untracked 
| 231|0x0000000639c00000, 0x0000000639c00000, 0x000000063a000000|  0%| F|  |TAMS 0x0000000639c00000, 0x0000000639c00000| Untracked 
| 232|0x000000063a000000, 0x000000063a000000, 0x000000063a400000|  0%| F|  |TAMS 0x000000063a000000, 0x000000063a000000| Untracked 
| 233|0x000000063a400000, 0x000000063a400000, 0x000000063a800000|  0%| F|  |TAMS 0x000000063a400000, 0x000000063a400000| Untracked 
| 234|0x000000063a800000, 0x000000063a800000, 0x000000063ac00000|  0%| F|  |TAMS 0x000000063a800000, 0x000000063a800000| Untracked 
| 235|0x000000063ac00000, 0x000000063ac00000, 0x000000063b000000|  0%| F|  |TAMS 0x000000063ac00000, 0x000000063ac00000| Untracked 
| 236|0x000000063b000000, 0x000000063b000000, 0x000000063b400000|  0%| F|  |TAMS 0x000000063b000000, 0x000000063b000000| Untracked 
| 237|0x000000063b400000, 0x000000063b400000, 0x000000063b800000|  0%| F|  |TAMS 0x000000063b400000, 0x000000063b400000| Untracked 
| 238|0x000000063b800000, 0x000000063b800000, 0x000000063bc00000|  0%| F|  |TAMS 0x000000063b800000, 0x000000063b800000| Untracked 
| 239|0x000000063bc00000, 0x000000063bc00000, 0x000000063c000000|  0%| F|  |TAMS 0x000000063bc00000, 0x000000063bc00000| Untracked 
| 240|0x000000063c000000, 0x000000063c000000, 0x000000063c400000|  0%| F|  |TAMS 0x000000063c000000, 0x000000063c000000| Untracked 
| 241|0x000000063c400000, 0x000000063c400000, 0x000000063c800000|  0%| F|  |TAMS 0x000000063c400000, 0x000000063c400000| Untracked 
| 242|0x000000063c800000, 0x000000063c800000, 0x000000063cc00000|  0%| F|  |TAMS 0x000000063c800000, 0x000000063c800000| Untracked 
| 243|0x000000063cc00000, 0x000000063cc00000, 0x000000063d000000|  0%| F|  |TAMS 0x000000063cc00000, 0x000000063cc00000| Untracked 
| 244|0x000000063d000000, 0x000000063d000000, 0x000000063d400000|  0%| F|  |TAMS 0x000000063d000000, 0x000000063d000000| Untracked 
| 245|0x000000063d400000, 0x000000063d600800, 0x000000063d800000| 50%| E|  |TAMS 0x000000063d400000, 0x000000063d400000| Complete 
| 246|0x000000063d800000, 0x000000063dc00000, 0x000000063dc00000|100%| E|CS|TAMS 0x000000063d800000, 0x000000063d800000| Complete 
| 247|0x000000063dc00000, 0x000000063e000000, 0x000000063e000000|100%| E|CS|TAMS 0x000000063dc00000, 0x000000063dc00000| Complete 
| 248|0x000000063e000000, 0x000000063e400000, 0x000000063e400000|100%| E|CS|TAMS 0x000000063e000000, 0x000000063e000000| Complete 
| 249|0x000000063e400000, 0x000000063e800000, 0x000000063e800000|100%| E|CS|TAMS 0x000000063e400000, 0x000000063e400000| Complete 
| 250|0x000000063e800000, 0x000000063ec00000, 0x000000063ec00000|100%| E|CS|TAMS 0x000000063e800000, 0x000000063e800000| Complete 
| 251|0x000000063ec00000, 0x000000063f000000, 0x000000063f000000|100%| E|CS|TAMS 0x000000063ec00000, 0x000000063ec00000| Complete 
| 252|0x000000063f000000, 0x000000063f400000, 0x000000063f400000|100%| E|CS|TAMS 0x000000063f000000, 0x000000063f000000| Complete 
| 253|0x000000063f400000, 0x000000063f800000, 0x000000063f800000|100%| E|CS|TAMS 0x000000063f400000, 0x000000063f400000| Complete 
| 254|0x000000063f800000, 0x000000063fc00000, 0x000000063fc00000|100%| E|CS|TAMS 0x000000063f800000, 0x000000063f800000| Complete 
| 255|0x000000063fc00000, 0x0000000640000000, 0x0000000640000000|100%| E|CS|TAMS 0x000000063fc00000, 0x000000063fc00000| Complete 
| 256|0x0000000640000000, 0x0000000640400000, 0x0000000640400000|100%| E|CS|TAMS 0x0000000640000000, 0x0000000640000000| Complete 
| 257|0x0000000640400000, 0x0000000640800000, 0x0000000640800000|100%| E|CS|TAMS 0x0000000640400000, 0x0000000640400000| Complete 
| 258|0x0000000640800000, 0x0000000640c00000, 0x0000000640c00000|100%| E|CS|TAMS 0x0000000640800000, 0x0000000640800000| Complete 
| 259|0x0000000640c00000, 0x0000000641000000, 0x0000000641000000|100%| E|CS|TAMS 0x0000000640c00000, 0x0000000640c00000| Complete 
| 260|0x0000000641000000, 0x0000000641400000, 0x0000000641400000|100%| E|CS|TAMS 0x0000000641000000, 0x0000000641000000| Complete 
| 261|0x0000000641400000, 0x0000000641800000, 0x0000000641800000|100%| E|CS|TAMS 0x0000000641400000, 0x0000000641400000| Complete 
| 262|0x0000000641800000, 0x0000000641c00000, 0x0000000641c00000|100%| E|CS|TAMS 0x0000000641800000, 0x0000000641800000| Complete 
| 263|0x0000000641c00000, 0x0000000642000000, 0x0000000642000000|100%| E|CS|TAMS 0x0000000641c00000, 0x0000000641c00000| Complete 
| 264|0x0000000642000000, 0x0000000642400000, 0x0000000642400000|100%| E|CS|TAMS 0x0000000642000000, 0x0000000642000000| Complete 
| 265|0x0000000642400000, 0x0000000642800000, 0x0000000642800000|100%| E|CS|TAMS 0x0000000642400000, 0x0000000642400000| Complete 
| 266|0x0000000642800000, 0x0000000642c00000, 0x0000000642c00000|100%| E|CS|TAMS 0x0000000642800000, 0x0000000642800000| Complete 
| 267|0x0000000642c00000, 0x0000000643000000, 0x0000000643000000|100%| E|CS|TAMS 0x0000000642c00000, 0x0000000642c00000| Complete 
| 268|0x0000000643000000, 0x0000000643400000, 0x0000000643400000|100%| E|CS|TAMS 0x0000000643000000, 0x0000000643000000| Complete 
| 269|0x0000000643400000, 0x0000000643800000, 0x0000000643800000|100%| E|CS|TAMS 0x0000000643400000, 0x0000000643400000| Complete 
| 270|0x0000000643800000, 0x0000000643c00000, 0x0000000643c00000|100%| E|CS|TAMS 0x0000000643800000, 0x0000000643800000| Complete 
| 271|0x0000000643c00000, 0x0000000644000000, 0x0000000644000000|100%| E|CS|TAMS 0x0000000643c00000, 0x0000000643c00000| Complete 
| 272|0x0000000644000000, 0x0000000644400000, 0x0000000644400000|100%| E|CS|TAMS 0x0000000644000000, 0x0000000644000000| Complete 
| 273|0x0000000644400000, 0x0000000644800000, 0x0000000644800000|100%| E|CS|TAMS 0x0000000644400000, 0x0000000644400000| Complete 
| 274|0x0000000644800000, 0x0000000644c00000, 0x0000000644c00000|100%| E|CS|TAMS 0x0000000644800000, 0x0000000644800000| Complete 
| 275|0x0000000644c00000, 0x0000000645000000, 0x0000000645000000|100%| E|CS|TAMS 0x0000000644c00000, 0x0000000644c00000| Complete 
| 276|0x0000000645000000, 0x0000000645400000, 0x0000000645400000|100%| E|CS|TAMS 0x0000000645000000, 0x0000000645000000| Complete 
| 277|0x0000000645400000, 0x0000000645800000, 0x0000000645800000|100%| E|CS|TAMS 0x0000000645400000, 0x0000000645400000| Complete 
| 278|0x0000000645800000, 0x0000000645c00000, 0x0000000645c00000|100%| E|CS|TAMS 0x0000000645800000, 0x0000000645800000| Complete 
| 279|0x0000000645c00000, 0x0000000646000000, 0x0000000646000000|100%| E|CS|TAMS 0x0000000645c00000, 0x0000000645c00000| Complete 
| 280|0x0000000646000000, 0x0000000646400000, 0x0000000646400000|100%| E|CS|TAMS 0x0000000646000000, 0x0000000646000000| Complete 
| 281|0x0000000646400000, 0x0000000646800000, 0x0000000646800000|100%| E|CS|TAMS 0x0000000646400000, 0x0000000646400000| Complete 
| 282|0x0000000646800000, 0x0000000646c00000, 0x0000000646c00000|100%| E|CS|TAMS 0x0000000646800000, 0x0000000646800000| Complete 
| 283|0x0000000646c00000, 0x0000000647000000, 0x0000000647000000|100%| E|CS|TAMS 0x0000000646c00000, 0x0000000646c00000| Complete 
| 284|0x0000000647000000, 0x0000000647400000, 0x0000000647400000|100%| E|CS|TAMS 0x0000000647000000, 0x0000000647000000| Complete 
| 285|0x0000000647400000, 0x0000000647800000, 0x0000000647800000|100%| E|CS|TAMS 0x0000000647400000, 0x0000000647400000| Complete 
| 286|0x0000000647800000, 0x0000000647c00000, 0x0000000647c00000|100%| E|CS|TAMS 0x0000000647800000, 0x0000000647800000| Complete 
| 287|0x0000000647c00000, 0x0000000648000000, 0x0000000648000000|100%| E|CS|TAMS 0x0000000647c00000, 0x0000000647c00000| Complete 
| 288|0x0000000648000000, 0x0000000648400000, 0x0000000648400000|100%| E|CS|TAMS 0x0000000648000000, 0x0000000648000000| Complete 
| 289|0x0000000648400000, 0x0000000648800000, 0x0000000648800000|100%| E|CS|TAMS 0x0000000648400000, 0x0000000648400000| Complete 
| 290|0x0000000648800000, 0x0000000648c00000, 0x0000000648c00000|100%| E|CS|TAMS 0x0000000648800000, 0x0000000648800000| Complete 
| 291|0x0000000648c00000, 0x0000000649000000, 0x0000000649000000|100%| E|CS|TAMS 0x0000000648c00000, 0x0000000648c00000| Complete 
| 292|0x0000000649000000, 0x0000000649400000, 0x0000000649400000|100%| E|CS|TAMS 0x0000000649000000, 0x0000000649000000| Complete 
| 293|0x0000000649400000, 0x0000000649800000, 0x0000000649800000|100%| E|CS|TAMS 0x0000000649400000, 0x0000000649400000| Complete 
| 294|0x0000000649800000, 0x0000000649c00000, 0x0000000649c00000|100%| E|CS|TAMS 0x0000000649800000, 0x0000000649800000| Complete 
| 295|0x0000000649c00000, 0x000000064a000000, 0x000000064a000000|100%| E|CS|TAMS 0x0000000649c00000, 0x0000000649c00000| Complete 
| 296|0x000000064a000000, 0x000000064a400000, 0x000000064a400000|100%| E|CS|TAMS 0x000000064a000000, 0x000000064a000000| Complete 
| 297|0x000000064a400000, 0x000000064a800000, 0x000000064a800000|100%| E|CS|TAMS 0x000000064a400000, 0x000000064a400000| Complete 
| 298|0x000000064a800000, 0x000000064ac00000, 0x000000064ac00000|100%| E|CS|TAMS 0x000000064a800000, 0x000000064a800000| Complete 
| 299|0x000000064ac00000, 0x000000064b000000, 0x000000064b000000|100%| E|CS|TAMS 0x000000064ac00000, 0x000000064ac00000| Complete 
| 300|0x000000064b000000, 0x000000064b400000, 0x000000064b400000|100%| E|CS|TAMS 0x000000064b000000, 0x000000064b000000| Complete 
| 301|0x000000064b400000, 0x000000064b800000, 0x000000064b800000|100%| E|CS|TAMS 0x000000064b400000, 0x000000064b400000| Complete 
| 302|0x000000064b800000, 0x000000064bc00000, 0x000000064bc00000|100%| E|CS|TAMS 0x000000064b800000, 0x000000064b800000| Complete 
| 303|0x000000064bc00000, 0x000000064c000000, 0x000000064c000000|100%| E|CS|TAMS 0x000000064bc00000, 0x000000064bc00000| Complete 
| 304|0x000000064c000000, 0x000000064c400000, 0x000000064c400000|100%| E|CS|TAMS 0x000000064c000000, 0x000000064c000000| Complete 
| 305|0x000000064c400000, 0x000000064c800000, 0x000000064c800000|100%| E|CS|TAMS 0x000000064c400000, 0x000000064c400000| Complete 
| 306|0x000000064c800000, 0x000000064cc00000, 0x000000064cc00000|100%| E|CS|TAMS 0x000000064c800000, 0x000000064c800000| Complete 
| 307|0x000000064cc00000, 0x000000064d000000, 0x000000064d000000|100%| E|CS|TAMS 0x000000064cc00000, 0x000000064cc00000| Complete 
| 308|0x000000064d000000, 0x000000064d400000, 0x000000064d400000|100%| E|CS|TAMS 0x000000064d000000, 0x000000064d000000| Complete 
| 309|0x000000064d400000, 0x000000064d800000, 0x000000064d800000|100%| E|CS|TAMS 0x000000064d400000, 0x000000064d400000| Complete 
| 310|0x000000064d800000, 0x000000064dc00000, 0x000000064dc00000|100%| E|CS|TAMS 0x000000064d800000, 0x000000064d800000| Complete 
| 311|0x000000064dc00000, 0x000000064e000000, 0x000000064e000000|100%| E|CS|TAMS 0x000000064dc00000, 0x000000064dc00000| Complete 
| 312|0x000000064e000000, 0x000000064e400000, 0x000000064e400000|100%| E|CS|TAMS 0x000000064e000000, 0x000000064e000000| Complete 
| 313|0x000000064e400000, 0x000000064e800000, 0x000000064e800000|100%| E|CS|TAMS 0x000000064e400000, 0x000000064e400000| Complete 
| 314|0x000000064e800000, 0x000000064ec00000, 0x000000064ec00000|100%| E|CS|TAMS 0x000000064e800000, 0x000000064e800000| Complete 
| 315|0x000000064ec00000, 0x000000064f000000, 0x000000064f000000|100%| E|CS|TAMS 0x000000064ec00000, 0x000000064ec00000| Complete 
| 316|0x000000064f000000, 0x000000064f400000, 0x000000064f400000|100%| E|CS|TAMS 0x000000064f000000, 0x000000064f000000| Complete 
| 317|0x000000064f400000, 0x000000064f800000, 0x000000064f800000|100%| E|CS|TAMS 0x000000064f400000, 0x000000064f400000| Complete 
| 318|0x000000064f800000, 0x000000064fc00000, 0x000000064fc00000|100%| E|CS|TAMS 0x000000064f800000, 0x000000064f800000| Complete 
| 319|0x000000064fc00000, 0x0000000650000000, 0x0000000650000000|100%| E|CS|TAMS 0x000000064fc00000, 0x000000064fc00000| Complete 
| 320|0x0000000650000000, 0x0000000650400000, 0x0000000650400000|100%| E|CS|TAMS 0x0000000650000000, 0x0000000650000000| Complete 
| 321|0x0000000650400000, 0x0000000650800000, 0x0000000650800000|100%| E|CS|TAMS 0x0000000650400000, 0x0000000650400000| Complete 
| 322|0x0000000650800000, 0x0000000650c00000, 0x0000000650c00000|100%| E|CS|TAMS 0x0000000650800000, 0x0000000650800000| Complete 
| 323|0x0000000650c00000, 0x0000000651000000, 0x0000000651000000|100%| E|CS|TAMS 0x0000000650c00000, 0x0000000650c00000| Complete 
| 324|0x0000000651000000, 0x0000000651400000, 0x0000000651400000|100%| E|CS|TAMS 0x0000000651000000, 0x0000000651000000| Complete 
| 325|0x0000000651400000, 0x0000000651800000, 0x0000000651800000|100%| E|CS|TAMS 0x0000000651400000, 0x0000000651400000| Complete 
| 326|0x0000000651800000, 0x0000000651c00000, 0x0000000651c00000|100%| E|CS|TAMS 0x0000000651800000, 0x0000000651800000| Complete 
| 327|0x0000000651c00000, 0x0000000652000000, 0x0000000652000000|100%| E|CS|TAMS 0x0000000651c00000, 0x0000000651c00000| Complete 
| 328|0x0000000652000000, 0x0000000652400000, 0x0000000652400000|100%| E|CS|TAMS 0x0000000652000000, 0x0000000652000000| Complete 
| 329|0x0000000652400000, 0x0000000652800000, 0x0000000652800000|100%| E|CS|TAMS 0x0000000652400000, 0x0000000652400000| Complete 
| 330|0x0000000652800000, 0x0000000652c00000, 0x0000000652c00000|100%| E|CS|TAMS 0x0000000652800000, 0x0000000652800000| Complete 
| 331|0x0000000652c00000, 0x0000000653000000, 0x0000000653000000|100%| E|CS|TAMS 0x0000000652c00000, 0x0000000652c00000| Complete 
| 332|0x0000000653000000, 0x0000000653400000, 0x0000000653400000|100%| E|CS|TAMS 0x0000000653000000, 0x0000000653000000| Complete 
| 333|0x0000000653400000, 0x0000000653800000, 0x0000000653800000|100%| E|CS|TAMS 0x0000000653400000, 0x0000000653400000| Complete 
| 334|0x0000000653800000, 0x0000000653c00000, 0x0000000653c00000|100%| E|CS|TAMS 0x0000000653800000, 0x0000000653800000| Complete 
| 335|0x0000000653c00000, 0x0000000654000000, 0x0000000654000000|100%| E|CS|TAMS 0x0000000653c00000, 0x0000000653c00000| Complete 
| 336|0x0000000654000000, 0x0000000654400000, 0x0000000654400000|100%| E|CS|TAMS 0x0000000654000000, 0x0000000654000000| Complete 
| 337|0x0000000654400000, 0x0000000654800000, 0x0000000654800000|100%| E|CS|TAMS 0x0000000654400000, 0x0000000654400000| Complete 
| 338|0x0000000654800000, 0x0000000654c00000, 0x0000000654c00000|100%| E|CS|TAMS 0x0000000654800000, 0x0000000654800000| Complete 
| 339|0x0000000654c00000, 0x0000000655000000, 0x0000000655000000|100%| E|CS|TAMS 0x0000000654c00000, 0x0000000654c00000| Complete 
| 340|0x0000000655000000, 0x0000000655400000, 0x0000000655400000|100%| E|CS|TAMS 0x0000000655000000, 0x0000000655000000| Complete 
| 341|0x0000000655400000, 0x0000000655800000, 0x0000000655800000|100%| E|CS|TAMS 0x0000000655400000, 0x0000000655400000| Complete 
| 342|0x0000000655800000, 0x0000000655c00000, 0x0000000655c00000|100%| E|CS|TAMS 0x0000000655800000, 0x0000000655800000| Complete 
| 343|0x0000000655c00000, 0x0000000656000000, 0x0000000656000000|100%| E|CS|TAMS 0x0000000655c00000, 0x0000000655c00000| Complete 
| 344|0x0000000656000000, 0x0000000656400000, 0x0000000656400000|100%| E|CS|TAMS 0x0000000656000000, 0x0000000656000000| Complete 
| 345|0x0000000656400000, 0x0000000656800000, 0x0000000656800000|100%| E|CS|TAMS 0x0000000656400000, 0x0000000656400000| Complete 
| 346|0x0000000656800000, 0x0000000656c00000, 0x0000000656c00000|100%| E|CS|TAMS 0x0000000656800000, 0x0000000656800000| Complete 
| 347|0x0000000656c00000, 0x0000000657000000, 0x0000000657000000|100%| E|CS|TAMS 0x0000000656c00000, 0x0000000656c00000| Complete 
| 348|0x0000000657000000, 0x0000000657400000, 0x0000000657400000|100%| E|CS|TAMS 0x0000000657000000, 0x0000000657000000| Complete 
| 349|0x0000000657400000, 0x0000000657800000, 0x0000000657800000|100%| E|CS|TAMS 0x0000000657400000, 0x0000000657400000| Complete 
| 350|0x0000000657800000, 0x0000000657c00000, 0x0000000657c00000|100%| E|CS|TAMS 0x0000000657800000, 0x0000000657800000| Complete 
| 351|0x0000000657c00000, 0x0000000658000000, 0x0000000658000000|100%| E|CS|TAMS 0x0000000657c00000, 0x0000000657c00000| Complete 
| 352|0x0000000658000000, 0x0000000658400000, 0x0000000658400000|100%| E|CS|TAMS 0x0000000658000000, 0x0000000658000000| Complete 
| 353|0x0000000658400000, 0x0000000658800000, 0x0000000658800000|100%| E|CS|TAMS 0x0000000658400000, 0x0000000658400000| Complete 
| 354|0x0000000658800000, 0x0000000658c00000, 0x0000000658c00000|100%| E|CS|TAMS 0x0000000658800000, 0x0000000658800000| Complete 
| 355|0x0000000658c00000, 0x0000000659000000, 0x0000000659000000|100%| E|CS|TAMS 0x0000000658c00000, 0x0000000658c00000| Complete 
| 356|0x0000000659000000, 0x0000000659400000, 0x0000000659400000|100%| E|CS|TAMS 0x0000000659000000, 0x0000000659000000| Complete 
| 357|0x0000000659400000, 0x0000000659800000, 0x0000000659800000|100%| E|CS|TAMS 0x0000000659400000, 0x0000000659400000| Complete 
| 358|0x0000000659800000, 0x0000000659c00000, 0x0000000659c00000|100%| E|CS|TAMS 0x0000000659800000, 0x0000000659800000| Complete 
| 359|0x0000000659c00000, 0x000000065a000000, 0x000000065a000000|100%| E|CS|TAMS 0x0000000659c00000, 0x0000000659c00000| Complete 
| 360|0x000000065a000000, 0x000000065a400000, 0x000000065a400000|100%| E|CS|TAMS 0x000000065a000000, 0x000000065a000000| Complete 
| 361|0x000000065a400000, 0x000000065a800000, 0x000000065a800000|100%| E|CS|TAMS 0x000000065a400000, 0x000000065a400000| Complete 
| 362|0x000000065a800000, 0x000000065ac00000, 0x000000065ac00000|100%| E|CS|TAMS 0x000000065a800000, 0x000000065a800000| Complete 
| 363|0x000000065ac00000, 0x000000065b000000, 0x000000065b000000|100%| E|CS|TAMS 0x000000065ac00000, 0x000000065ac00000| Complete 
| 364|0x000000065b000000, 0x000000065b400000, 0x000000065b400000|100%| E|CS|TAMS 0x000000065b000000, 0x000000065b000000| Complete 
| 365|0x000000065b400000, 0x000000065b800000, 0x000000065b800000|100%| E|CS|TAMS 0x000000065b400000, 0x000000065b400000| Complete 
| 366|0x000000065b800000, 0x000000065bc00000, 0x000000065bc00000|100%| E|CS|TAMS 0x000000065b800000, 0x000000065b800000| Complete 
| 367|0x000000065bc00000, 0x000000065c000000, 0x000000065c000000|100%| E|CS|TAMS 0x000000065bc00000, 0x000000065bc00000| Complete 
| 368|0x000000065c000000, 0x000000065c400000, 0x000000065c400000|100%| E|CS|TAMS 0x000000065c000000, 0x000000065c000000| Complete 
| 369|0x000000065c400000, 0x000000065c800000, 0x000000065c800000|100%| E|CS|TAMS 0x000000065c400000, 0x000000065c400000| Complete 
| 370|0x000000065c800000, 0x000000065cc00000, 0x000000065cc00000|100%| E|CS|TAMS 0x000000065c800000, 0x000000065c800000| Complete 
| 371|0x000000065cc00000, 0x000000065d000000, 0x000000065d000000|100%| E|CS|TAMS 0x000000065cc00000, 0x000000065cc00000| Complete 
| 372|0x000000065d000000, 0x000000065d400000, 0x000000065d400000|100%| E|CS|TAMS 0x000000065d000000, 0x000000065d000000| Complete 
| 373|0x000000065d400000, 0x000000065d800000, 0x000000065d800000|100%| E|CS|TAMS 0x000000065d400000, 0x000000065d400000| Complete 
| 374|0x000000065d800000, 0x000000065dc00000, 0x000000065dc00000|100%| E|CS|TAMS 0x000000065d800000, 0x000000065d800000| Complete 
| 375|0x000000065dc00000, 0x000000065e000000, 0x000000065e000000|100%| E|CS|TAMS 0x000000065dc00000, 0x000000065dc00000| Complete 
| 376|0x000000065e000000, 0x000000065e400000, 0x000000065e400000|100%| E|CS|TAMS 0x000000065e000000, 0x000000065e000000| Complete 
| 377|0x000000065e400000, 0x000000065e800000, 0x000000065e800000|100%| E|CS|TAMS 0x000000065e400000, 0x000000065e400000| Complete 
| 378|0x000000065e800000, 0x000000065ec00000, 0x000000065ec00000|100%| E|CS|TAMS 0x000000065e800000, 0x000000065e800000| Complete 
| 379|0x000000065ec00000, 0x000000065f000000, 0x000000065f000000|100%| E|CS|TAMS 0x000000065ec00000, 0x000000065ec00000| Complete 
| 380|0x000000065f000000, 0x000000065f400000, 0x000000065f400000|100%| E|CS|TAMS 0x000000065f000000, 0x000000065f000000| Complete 
| 381|0x000000065f400000, 0x000000065f800000, 0x000000065f800000|100%| E|CS|TAMS 0x000000065f400000, 0x000000065f400000| Complete 
| 382|0x000000065f800000, 0x000000065fc00000, 0x000000065fc00000|100%| E|CS|TAMS 0x000000065f800000, 0x000000065f800000| Complete 
| 383|0x000000065fc00000, 0x0000000660000000, 0x0000000660000000|100%| E|CS|TAMS 0x000000065fc00000, 0x000000065fc00000| Complete 
| 384|0x0000000660000000, 0x0000000660400000, 0x0000000660400000|100%| E|CS|TAMS 0x0000000660000000, 0x0000000660000000| Complete 
| 385|0x0000000660400000, 0x0000000660800000, 0x0000000660800000|100%| E|CS|TAMS 0x0000000660400000, 0x0000000660400000| Complete 
| 386|0x0000000660800000, 0x0000000660c00000, 0x0000000660c00000|100%| E|CS|TAMS 0x0000000660800000, 0x0000000660800000| Complete 
| 387|0x0000000660c00000, 0x0000000661000000, 0x0000000661000000|100%| E|CS|TAMS 0x0000000660c00000, 0x0000000660c00000| Complete 
| 388|0x0000000661000000, 0x0000000661400000, 0x0000000661400000|100%| E|CS|TAMS 0x0000000661000000, 0x0000000661000000| Complete 
| 389|0x0000000661400000, 0x0000000661800000, 0x0000000661800000|100%| E|CS|TAMS 0x0000000661400000, 0x0000000661400000| Complete 
| 390|0x0000000661800000, 0x0000000661c00000, 0x0000000661c00000|100%| E|CS|TAMS 0x0000000661800000, 0x0000000661800000| Complete 
| 391|0x0000000661c00000, 0x0000000662000000, 0x0000000662000000|100%| E|CS|TAMS 0x0000000661c00000, 0x0000000661c00000| Complete 
| 392|0x0000000662000000, 0x0000000662400000, 0x0000000662400000|100%| E|CS|TAMS 0x0000000662000000, 0x0000000662000000| Complete 
| 393|0x0000000662400000, 0x0000000662800000, 0x0000000662800000|100%| E|CS|TAMS 0x0000000662400000, 0x0000000662400000| Complete 
| 394|0x0000000662800000, 0x0000000662c00000, 0x0000000662c00000|100%| E|CS|TAMS 0x0000000662800000, 0x0000000662800000| Complete 
| 395|0x0000000662c00000, 0x0000000663000000, 0x0000000663000000|100%| E|CS|TAMS 0x0000000662c00000, 0x0000000662c00000| Complete 
| 396|0x0000000663000000, 0x0000000663400000, 0x0000000663400000|100%| E|CS|TAMS 0x0000000663000000, 0x0000000663000000| Complete 
| 397|0x0000000663400000, 0x0000000663800000, 0x0000000663800000|100%| E|CS|TAMS 0x0000000663400000, 0x0000000663400000| Complete 
| 398|0x0000000663800000, 0x0000000663c00000, 0x0000000663c00000|100%| E|CS|TAMS 0x0000000663800000, 0x0000000663800000| Complete 
| 399|0x0000000663c00000, 0x0000000664000000, 0x0000000664000000|100%| E|CS|TAMS 0x0000000663c00000, 0x0000000663c00000| Complete 
| 400|0x0000000664000000, 0x0000000664400000, 0x0000000664400000|100%| E|CS|TAMS 0x0000000664000000, 0x0000000664000000| Complete 
| 401|0x0000000664400000, 0x0000000664800000, 0x0000000664800000|100%| E|CS|TAMS 0x0000000664400000, 0x0000000664400000| Complete 
| 402|0x0000000664800000, 0x0000000664c00000, 0x0000000664c00000|100%| E|CS|TAMS 0x0000000664800000, 0x0000000664800000| Complete 
| 403|0x0000000664c00000, 0x0000000665000000, 0x0000000665000000|100%| E|CS|TAMS 0x0000000664c00000, 0x0000000664c00000| Complete 
| 404|0x0000000665000000, 0x0000000665400000, 0x0000000665400000|100%| E|CS|TAMS 0x0000000665000000, 0x0000000665000000| Complete 
| 405|0x0000000665400000, 0x0000000665800000, 0x0000000665800000|100%| E|CS|TAMS 0x0000000665400000, 0x0000000665400000| Complete 
| 406|0x0000000665800000, 0x0000000665c00000, 0x0000000665c00000|100%| E|CS|TAMS 0x0000000665800000, 0x0000000665800000| Complete 
| 407|0x0000000665c00000, 0x0000000666000000, 0x0000000666000000|100%| E|CS|TAMS 0x0000000665c00000, 0x0000000665c00000| Complete 
| 408|0x0000000666000000, 0x0000000666400000, 0x0000000666400000|100%| E|CS|TAMS 0x0000000666000000, 0x0000000666000000| Complete 
| 409|0x0000000666400000, 0x0000000666800000, 0x0000000666800000|100%| E|CS|TAMS 0x0000000666400000, 0x0000000666400000| Complete 
| 410|0x0000000666800000, 0x0000000666c00000, 0x0000000666c00000|100%| E|CS|TAMS 0x0000000666800000, 0x0000000666800000| Complete 
| 411|0x0000000666c00000, 0x0000000667000000, 0x0000000667000000|100%| E|CS|TAMS 0x0000000666c00000, 0x0000000666c00000| Complete 
| 412|0x0000000667000000, 0x0000000667400000, 0x0000000667400000|100%| E|CS|TAMS 0x0000000667000000, 0x0000000667000000| Complete 
| 413|0x0000000667400000, 0x0000000667800000, 0x0000000667800000|100%| E|CS|TAMS 0x0000000667400000, 0x0000000667400000| Complete 
| 414|0x0000000667800000, 0x0000000667c00000, 0x0000000667c00000|100%| E|CS|TAMS 0x0000000667800000, 0x0000000667800000| Complete 
| 415|0x0000000667c00000, 0x0000000668000000, 0x0000000668000000|100%| E|CS|TAMS 0x0000000667c00000, 0x0000000667c00000| Complete 
| 416|0x0000000668000000, 0x0000000668400000, 0x0000000668400000|100%| E|CS|TAMS 0x0000000668000000, 0x0000000668000000| Complete 
| 417|0x0000000668400000, 0x0000000668800000, 0x0000000668800000|100%| E|CS|TAMS 0x0000000668400000, 0x0000000668400000| Complete 
| 418|0x0000000668800000, 0x0000000668c00000, 0x0000000668c00000|100%| E|CS|TAMS 0x0000000668800000, 0x0000000668800000| Complete 
| 419|0x0000000668c00000, 0x0000000669000000, 0x0000000669000000|100%| E|CS|TAMS 0x0000000668c00000, 0x0000000668c00000| Complete 
| 420|0x0000000669000000, 0x0000000669400000, 0x0000000669400000|100%| E|CS|TAMS 0x0000000669000000, 0x0000000669000000| Complete 
| 421|0x0000000669400000, 0x0000000669800000, 0x0000000669800000|100%| E|CS|TAMS 0x0000000669400000, 0x0000000669400000| Complete 
| 422|0x0000000669800000, 0x0000000669c00000, 0x0000000669c00000|100%| E|CS|TAMS 0x0000000669800000, 0x0000000669800000| Complete 
| 423|0x0000000669c00000, 0x000000066a000000, 0x000000066a000000|100%| E|CS|TAMS 0x0000000669c00000, 0x0000000669c00000| Complete 
| 424|0x000000066a000000, 0x000000066a400000, 0x000000066a400000|100%| E|CS|TAMS 0x000000066a000000, 0x000000066a000000| Complete 
| 425|0x000000066a400000, 0x000000066a800000, 0x000000066a800000|100%| E|CS|TAMS 0x000000066a400000, 0x000000066a400000| Complete 
| 426|0x000000066a800000, 0x000000066ac00000, 0x000000066ac00000|100%| E|CS|TAMS 0x000000066a800000, 0x000000066a800000| Complete 
| 427|0x000000066ac00000, 0x000000066b000000, 0x000000066b000000|100%| E|CS|TAMS 0x000000066ac00000, 0x000000066ac00000| Complete 
| 428|0x000000066b000000, 0x000000066b400000, 0x000000066b400000|100%| E|CS|TAMS 0x000000066b000000, 0x000000066b000000| Complete 
| 429|0x000000066b400000, 0x000000066b800000, 0x000000066b800000|100%| E|CS|TAMS 0x000000066b400000, 0x000000066b400000| Complete 
| 430|0x000000066b800000, 0x000000066bc00000, 0x000000066bc00000|100%| E|CS|TAMS 0x000000066b800000, 0x000000066b800000| Complete 
| 431|0x000000066bc00000, 0x000000066c000000, 0x000000066c000000|100%| E|CS|TAMS 0x000000066bc00000, 0x000000066bc00000| Complete 
| 432|0x000000066c000000, 0x000000066c400000, 0x000000066c400000|100%| E|CS|TAMS 0x000000066c000000, 0x000000066c000000| Complete 
| 433|0x000000066c400000, 0x000000066c800000, 0x000000066c800000|100%| E|CS|TAMS 0x000000066c400000, 0x000000066c400000| Complete 
| 434|0x000000066c800000, 0x000000066cc00000, 0x000000066cc00000|100%| E|CS|TAMS 0x000000066c800000, 0x000000066c800000| Complete 
| 435|0x000000066cc00000, 0x000000066d000000, 0x000000066d000000|100%| E|CS|TAMS 0x000000066cc00000, 0x000000066cc00000| Complete 
| 436|0x000000066d000000, 0x000000066d400000, 0x000000066d400000|100%| E|CS|TAMS 0x000000066d000000, 0x000000066d000000| Complete 
| 437|0x000000066d400000, 0x000000066d800000, 0x000000066d800000|100%| E|CS|TAMS 0x000000066d400000, 0x000000066d400000| Complete 
| 438|0x000000066d800000, 0x000000066dc00000, 0x000000066dc00000|100%| E|CS|TAMS 0x000000066d800000, 0x000000066d800000| Complete 
| 439|0x000000066dc00000, 0x000000066e000000, 0x000000066e000000|100%| E|CS|TAMS 0x000000066dc00000, 0x000000066dc00000| Complete 
| 440|0x000000066e000000, 0x000000066e400000, 0x000000066e400000|100%| E|CS|TAMS 0x000000066e000000, 0x000000066e000000| Complete 
| 441|0x000000066e400000, 0x000000066e800000, 0x000000066e800000|100%| E|CS|TAMS 0x000000066e400000, 0x000000066e400000| Complete 
| 442|0x000000066e800000, 0x000000066ec00000, 0x000000066ec00000|100%| E|CS|TAMS 0x000000066e800000, 0x000000066e800000| Complete 
| 443|0x000000066ec00000, 0x000000066f000000, 0x000000066f000000|100%| E|CS|TAMS 0x000000066ec00000, 0x000000066ec00000| Complete 
| 444|0x000000066f000000, 0x000000066f400000, 0x000000066f400000|100%| E|CS|TAMS 0x000000066f000000, 0x000000066f000000| Complete 
| 445|0x000000066f400000, 0x000000066f800000, 0x000000066f800000|100%| E|CS|TAMS 0x000000066f400000, 0x000000066f400000| Complete 
| 446|0x000000066f800000, 0x000000066fc00000, 0x000000066fc00000|100%| E|CS|TAMS 0x000000066f800000, 0x000000066f800000| Complete 
| 447|0x000000066fc00000, 0x0000000670000000, 0x0000000670000000|100%| E|CS|TAMS 0x000000066fc00000, 0x000000066fc00000| Complete 
| 448|0x0000000670000000, 0x0000000670400000, 0x0000000670400000|100%| E|CS|TAMS 0x0000000670000000, 0x0000000670000000| Complete 
| 449|0x0000000670400000, 0x0000000670800000, 0x0000000670800000|100%| E|CS|TAMS 0x0000000670400000, 0x0000000670400000| Complete 
| 450|0x0000000670800000, 0x0000000670c00000, 0x0000000670c00000|100%| E|CS|TAMS 0x0000000670800000, 0x0000000670800000| Complete 
| 451|0x0000000670c00000, 0x0000000671000000, 0x0000000671000000|100%| E|CS|TAMS 0x0000000670c00000, 0x0000000670c00000| Complete 
| 452|0x0000000671000000, 0x0000000671400000, 0x0000000671400000|100%| E|CS|TAMS 0x0000000671000000, 0x0000000671000000| Complete 
| 453|0x0000000671400000, 0x0000000671800000, 0x0000000671800000|100%| E|CS|TAMS 0x0000000671400000, 0x0000000671400000| Complete 
| 454|0x0000000671800000, 0x0000000671c00000, 0x0000000671c00000|100%| E|CS|TAMS 0x0000000671800000, 0x0000000671800000| Complete 
| 455|0x0000000671c00000, 0x0000000672000000, 0x0000000672000000|100%| E|CS|TAMS 0x0000000671c00000, 0x0000000671c00000| Complete 
| 456|0x0000000672000000, 0x0000000672400000, 0x0000000672400000|100%| E|CS|TAMS 0x0000000672000000, 0x0000000672000000| Complete 
| 457|0x0000000672400000, 0x0000000672800000, 0x0000000672800000|100%| E|CS|TAMS 0x0000000672400000, 0x0000000672400000| Complete 
| 458|0x0000000672800000, 0x0000000672c00000, 0x0000000672c00000|100%| E|CS|TAMS 0x0000000672800000, 0x0000000672800000| Complete 
| 459|0x0000000672c00000, 0x0000000673000000, 0x0000000673000000|100%| E|CS|TAMS 0x0000000672c00000, 0x0000000672c00000| Complete 
| 460|0x0000000673000000, 0x0000000673400000, 0x0000000673400000|100%| E|CS|TAMS 0x0000000673000000, 0x0000000673000000| Complete 
| 461|0x0000000673400000, 0x0000000673800000, 0x0000000673800000|100%| E|CS|TAMS 0x0000000673400000, 0x0000000673400000| Complete 
| 462|0x0000000673800000, 0x0000000673c00000, 0x0000000673c00000|100%| E|CS|TAMS 0x0000000673800000, 0x0000000673800000| Complete 
| 463|0x0000000673c00000, 0x0000000674000000, 0x0000000674000000|100%| E|CS|TAMS 0x0000000673c00000, 0x0000000673c00000| Complete 
| 464|0x0000000674000000, 0x0000000674400000, 0x0000000674400000|100%| E|CS|TAMS 0x0000000674000000, 0x0000000674000000| Complete 
| 465|0x0000000674400000, 0x0000000674800000, 0x0000000674800000|100%| E|CS|TAMS 0x0000000674400000, 0x0000000674400000| Complete 
| 466|0x0000000674800000, 0x0000000674c00000, 0x0000000674c00000|100%| E|CS|TAMS 0x0000000674800000, 0x0000000674800000| Complete 
| 467|0x0000000674c00000, 0x0000000675000000, 0x0000000675000000|100%| E|CS|TAMS 0x0000000674c00000, 0x0000000674c00000| Complete 
| 468|0x0000000675000000, 0x0000000675400000, 0x0000000675400000|100%| E|CS|TAMS 0x0000000675000000, 0x0000000675000000| Complete 
| 469|0x0000000675400000, 0x0000000675800000, 0x0000000675800000|100%| E|CS|TAMS 0x0000000675400000, 0x0000000675400000| Complete 
| 470|0x0000000675800000, 0x0000000675c00000, 0x0000000675c00000|100%| E|CS|TAMS 0x0000000675800000, 0x0000000675800000| Complete 
| 471|0x0000000675c00000, 0x0000000676000000, 0x0000000676000000|100%| E|CS|TAMS 0x0000000675c00000, 0x0000000675c00000| Complete 
| 472|0x0000000676000000, 0x0000000676400000, 0x0000000676400000|100%| E|CS|TAMS 0x0000000676000000, 0x0000000676000000| Complete 
| 473|0x0000000676400000, 0x0000000676800000, 0x0000000676800000|100%| E|CS|TAMS 0x0000000676400000, 0x0000000676400000| Complete 
| 474|0x0000000676800000, 0x0000000676c00000, 0x0000000676c00000|100%| E|CS|TAMS 0x0000000676800000, 0x0000000676800000| Complete 
| 475|0x0000000676c00000, 0x0000000677000000, 0x0000000677000000|100%| E|CS|TAMS 0x0000000676c00000, 0x0000000676c00000| Complete 
| 476|0x0000000677000000, 0x0000000677400000, 0x0000000677400000|100%| E|CS|TAMS 0x0000000677000000, 0x0000000677000000| Complete 
| 477|0x0000000677400000, 0x0000000677800000, 0x0000000677800000|100%| E|CS|TAMS 0x0000000677400000, 0x0000000677400000| Complete 
| 478|0x0000000677800000, 0x0000000677c00000, 0x0000000677c00000|100%| E|CS|TAMS 0x0000000677800000, 0x0000000677800000| Complete 
| 479|0x0000000677c00000, 0x0000000678000000, 0x0000000678000000|100%| E|CS|TAMS 0x0000000677c00000, 0x0000000677c00000| Complete 
| 480|0x0000000678000000, 0x0000000678400000, 0x0000000678400000|100%| E|CS|TAMS 0x0000000678000000, 0x0000000678000000| Complete 
| 481|0x0000000678400000, 0x0000000678800000, 0x0000000678800000|100%| E|CS|TAMS 0x0000000678400000, 0x0000000678400000| Complete 
| 482|0x0000000678800000, 0x0000000678c00000, 0x0000000678c00000|100%| E|CS|TAMS 0x0000000678800000, 0x0000000678800000| Complete 
| 483|0x0000000678c00000, 0x0000000679000000, 0x0000000679000000|100%| E|CS|TAMS 0x0000000678c00000, 0x0000000678c00000| Complete 
| 484|0x0000000679000000, 0x0000000679400000, 0x0000000679400000|100%| E|CS|TAMS 0x0000000679000000, 0x0000000679000000| Complete 
| 485|0x0000000679400000, 0x0000000679800000, 0x0000000679800000|100%| E|CS|TAMS 0x0000000679400000, 0x0000000679400000| Complete 
| 486|0x0000000679800000, 0x0000000679c00000, 0x0000000679c00000|100%| E|CS|TAMS 0x0000000679800000, 0x0000000679800000| Complete 
| 487|0x0000000679c00000, 0x000000067a000000, 0x000000067a000000|100%| E|CS|TAMS 0x0000000679c00000, 0x0000000679c00000| Complete 
| 488|0x000000067a000000, 0x000000067a400000, 0x000000067a400000|100%| E|CS|TAMS 0x000000067a000000, 0x000000067a000000| Complete 
| 489|0x000000067a400000, 0x000000067a800000, 0x000000067a800000|100%| E|CS|TAMS 0x000000067a400000, 0x000000067a400000| Complete 
| 490|0x000000067a800000, 0x000000067ac00000, 0x000000067ac00000|100%| E|CS|TAMS 0x000000067a800000, 0x000000067a800000| Complete 
| 491|0x000000067ac00000, 0x000000067b000000, 0x000000067b000000|100%| E|CS|TAMS 0x000000067ac00000, 0x000000067ac00000| Complete 
| 492|0x000000067b000000, 0x000000067b400000, 0x000000067b400000|100%| E|CS|TAMS 0x000000067b000000, 0x000000067b000000| Complete 
| 493|0x000000067b400000, 0x000000067b800000, 0x000000067b800000|100%| E|CS|TAMS 0x000000067b400000, 0x000000067b400000| Complete 
| 494|0x000000067b800000, 0x000000067bc00000, 0x000000067bc00000|100%| E|CS|TAMS 0x000000067b800000, 0x000000067b800000| Complete 
| 495|0x000000067bc00000, 0x000000067c000000, 0x000000067c000000|100%| E|CS|TAMS 0x000000067bc00000, 0x000000067bc00000| Complete 
| 496|0x000000067c000000, 0x000000067c400000, 0x000000067c400000|100%| E|CS|TAMS 0x000000067c000000, 0x000000067c000000| Complete 
| 497|0x000000067c400000, 0x000000067c800000, 0x000000067c800000|100%| E|CS|TAMS 0x000000067c400000, 0x000000067c400000| Complete 
| 498|0x000000067c800000, 0x000000067cc00000, 0x000000067cc00000|100%| E|CS|TAMS 0x000000067c800000, 0x000000067c800000| Complete 
| 499|0x000000067cc00000, 0x000000067d000000, 0x000000067d000000|100%| E|CS|TAMS 0x000000067cc00000, 0x000000067cc00000| Complete 
| 500|0x000000067d000000, 0x000000067d400000, 0x000000067d400000|100%| E|CS|TAMS 0x000000067d000000, 0x000000067d000000| Complete 
| 501|0x000000067d400000, 0x000000067d800000, 0x000000067d800000|100%| E|CS|TAMS 0x000000067d400000, 0x000000067d400000| Complete 
| 502|0x000000067d800000, 0x000000067dc00000, 0x000000067dc00000|100%| E|CS|TAMS 0x000000067d800000, 0x000000067d800000| Complete 
| 503|0x000000067dc00000, 0x000000067e000000, 0x000000067e000000|100%| E|CS|TAMS 0x000000067dc00000, 0x000000067dc00000| Complete 
| 504|0x000000067e000000, 0x000000067e400000, 0x000000067e400000|100%| E|CS|TAMS 0x000000067e000000, 0x000000067e000000| Complete 
| 505|0x000000067e400000, 0x000000067e800000, 0x000000067e800000|100%| E|CS|TAMS 0x000000067e400000, 0x000000067e400000| Complete 
| 506|0x000000067e800000, 0x000000067ec00000, 0x000000067ec00000|100%| E|CS|TAMS 0x000000067e800000, 0x000000067e800000| Complete 
| 507|0x000000067ec00000, 0x000000067f000000, 0x000000067f000000|100%| E|CS|TAMS 0x000000067ec00000, 0x000000067ec00000| Complete 
| 508|0x000000067f000000, 0x000000067f400000, 0x000000067f400000|100%| E|CS|TAMS 0x000000067f000000, 0x000000067f000000| Complete 
| 509|0x000000067f400000, 0x000000067f800000, 0x000000067f800000|100%| E|CS|TAMS 0x000000067f400000, 0x000000067f400000| Complete 
| 510|0x000000067f800000, 0x000000067fc00000, 0x000000067fc00000|100%| E|CS|TAMS 0x000000067f800000, 0x000000067f800000| Complete 
| 511|0x000000067fc00000, 0x0000000680000000, 0x0000000680000000|100%| E|CS|TAMS 0x000000067fc00000, 0x000000067fc00000| Complete 
| 512|0x0000000680000000, 0x0000000680400000, 0x0000000680400000|100%| E|CS|TAMS 0x0000000680000000, 0x0000000680000000| Complete 
| 513|0x0000000680400000, 0x0000000680800000, 0x0000000680800000|100%| E|CS|TAMS 0x0000000680400000, 0x0000000680400000| Complete 
| 514|0x0000000680800000, 0x0000000680c00000, 0x0000000680c00000|100%| E|CS|TAMS 0x0000000680800000, 0x0000000680800000| Complete 
| 515|0x0000000680c00000, 0x0000000681000000, 0x0000000681000000|100%| E|CS|TAMS 0x0000000680c00000, 0x0000000680c00000| Complete 
| 516|0x0000000681000000, 0x0000000681400000, 0x0000000681400000|100%| E|CS|TAMS 0x0000000681000000, 0x0000000681000000| Complete 

Card table byte_map: [0x000001f9f1f80000,0x000001f9f2f80000] _byte_map_base: 0x000001f9eef80000

Marking Bits (Prev, Next): (CMBitMap*) 0x000001f9cce7ed80, (CMBitMap*) 0x000001f9cce7ed40
 Prev Bits: [0x000001f980000000, 0x000001f988000000)
 Next Bits: [0x000001f9f3f80000, 0x000001f9fbf80000)

Polling page: 0x000001f9cb310000

Metaspace:

Usage:
  Non-class:    180.61 MB used.
      Class:     27.20 MB used.
       Both:    207.81 MB used.

Virtual space:
  Non-class space:      192.00 MB reserved,     181.50 MB ( 95%) committed,  3 nodes.
      Class space:        1.00 GB reserved,      28.00 MB (  3%) committed,  1 nodes.
             Both:        1.19 GB reserved,     209.50 MB ( 17%) committed. 

Chunk freelists:
   Non-Class:  10.45 MB
       Class:  3.89 MB
        Both:  14.34 MB

MaxMetaspaceSize: 4.00 GB
CompressedClassSpaceSize: 1.00 GB
Initial GC threshold: 21.00 MB
Current GC threshold: 312.81 MB
CDS: off
MetaspaceReclaimPolicy: balanced
 - commit_granule_bytes: 65536.
 - commit_granule_words: 8192.
 - virtual_space_node_default_size: 8388608.
 - enlarge_chunks_in_place: 1.
 - new_chunks_are_fully_committed: 0.
 - uncommit_free_chunks: 1.
 - use_allocation_guard: 0.
 - handle_deallocations: 1.


Internal statistics:

num_allocs_failed_limit: 9.
num_arena_births: 3008.
num_arena_deaths: 24.
num_vsnodes_births: 4.
num_vsnodes_deaths: 0.
num_space_committed: 3349.
num_space_uncommitted: 0.
num_chunks_returned_to_freelist: 79.
num_chunks_taken_from_freelist: 12072.
num_chunk_merges: 15.
num_chunk_splits: 7754.
num_chunks_enlarged: 4908.
num_inconsistent_stats: 0.

CodeHeap 'non-profiled nmethods': size=259264Kb used=32101Kb max_used=32332Kb free=227162Kb
 bounds [0x000001f9e05d0000, 0x000001f9e2570000, 0x000001f9f0300000]
CodeHeap 'profiled nmethods': size=259264Kb used=74722Kb max_used=74847Kb free=184541Kb
 bounds [0x000001f9d0300000, 0x000001f9d4c30000, 0x000001f9e0030000]
CodeHeap 'non-nmethods': size=5760Kb used=2622Kb max_used=2724Kb free=3137Kb
 bounds [0x000001f9e0030000, 0x000001f9e02f0000, 0x000001f9e05d0000]
 total_blobs=36470 nmethods=35298 adapters=1081
 compilation: enabled
              stopped_count=0, restarted_count=0
 full_count=0

Compilation events (20 events):
Event: 870.035 Thread 0x000001f99a7ab630 nmethod 46357 0x000001f9e2243010 code [0x000001f9e22431e0, 0x000001f9e2243698]
Event: 870.035 Thread 0x000001f99a7ab630 46857       4       com.android.tools.r8.internal.Bn::a (110 bytes)
Event: 870.038 Thread 0x000001f9febe3950 48103       2       com.android.tools.r8.internal.Sg::S2 (24 bytes)
Event: 870.038 Thread 0x000001f9febe3950 nmethod 48103 0x000001f9d4177f10 code [0x000001f9d41780c0, 0x000001f9d4178238]
Event: 870.042 Thread 0x000001f99a7ab630 nmethod 46857 0x000001f9e2242790 code [0x000001f9e2242940, 0x000001f9e2242bf8]
Event: 870.042 Thread 0x000001f99a7ab630 48102       4       com.android.tools.r8.internal.M::putAll (124 bytes)
Event: 870.073 Thread 0x000001f99a7ab630 nmethod 48102 0x000001f9e2241710 code [0x000001f9e2241900, 0x000001f9e2242268]
Event: 870.073 Thread 0x000001f99a7ab630 47909       4       com.android.tools.r8.internal.tu::<init> (5 bytes)
Event: 870.074 Thread 0x000001f99a7ab630 nmethod 47909 0x000001f9e2241390 code [0x000001f9e2241500, 0x000001f9e2241578]
Event: 870.074 Thread 0x000001f99a7ab630 45385       4       java.util.PriorityQueue::offer (58 bytes)
Event: 870.119 Thread 0x000001f99a7ab630 nmethod 45385 0x000001f9e23b1690 code [0x000001f9e23b18a0, 0x000001f9e23b2768]
Event: 870.119 Thread 0x000001f99a7ab630 46199       4       com.android.tools.r8.internal.hA::a (64 bytes)
Event: 870.120 Thread 0x000001f99a7ab630 nmethod 46199 0x000001f9e23b1390 code [0x000001f9e23b1500, 0x000001f9e23b15b8]
Event: 870.121 Thread 0x000001f99a7ab630 46732       4       com.android.tools.r8.graph.J2::V0 (21 bytes)
Event: 870.122 Thread 0x000001f99a7ab630 nmethod 46732 0x000001f9e23b1090 code [0x000001f9e23b1200, 0x000001f9e23b12d8]
Event: 870.122 Thread 0x000001f99a7ab630 46035       4       java.util.PriorityQueue::add (6 bytes)
Event: 870.123 Thread 0x000001f99a7ab630 nmethod 46035 0x000001f9e23b0d90 code [0x000001f9e23b0f20, 0x000001f9e23b0fc8]
Event: 870.123 Thread 0x000001f99a7ab630 46645       4       com.android.tools.r8.internal.CQ::g (106 bytes)
Event: 870.149 Thread 0x000001f99a7ab630 nmethod 46645 0x000001f9e23afa10 code [0x000001f9e23afc80, 0x000001f9e23b05a0]
Event: 870.152 Thread 0x000001f99a7ab630 48105       4       com.android.tools.r8.internal.Wm::b (3611 bytes)

GC Heap History (20 events):
Event: 821.981 GC heap before
{Heap before GC invocations=91 (full 0):
 garbage-first heap   total 1515520K, used 679970K [0x0000000600000000, 0x0000000800000000)
  region size 4096K, 10 young (40960K), 9 survivors (36864K)
 Metaspace       used 190356K, committed 192192K, reserved 1245184K
  class space    used 24372K, committed 25216K, reserved 1048576K
}
Event: 822.002 GC heap after
{Heap after GC invocations=92 (full 0):
 garbage-first heap   total 1515520K, used 609402K [0x0000000600000000, 0x0000000800000000)
  region size 4096K, 8 young (32768K), 8 survivors (32768K)
 Metaspace       used 190356K, committed 192192K, reserved 1245184K
  class space    used 24372K, committed 25216K, reserved 1048576K
}
Event: 822.929 GC heap before
{Heap before GC invocations=92 (full 0):
 garbage-first heap   total 1515520K, used 875642K [0x0000000600000000, 0x0000000800000000)
  region size 4096K, 9 young (36864K), 8 survivors (32768K)
 Metaspace       used 190356K, committed 192192K, reserved 1245184K
  class space    used 24372K, committed 25216K, reserved 1048576K
}
Event: 822.946 GC heap after
{Heap after GC invocations=93 (full 0):
 garbage-first heap   total 1515520K, used 740474K [0x0000000600000000, 0x0000000800000000)
  region size 4096K, 8 young (32768K), 8 survivors (32768K)
 Metaspace       used 190356K, committed 192192K, reserved 1245184K
  class space    used 24372K, committed 25216K, reserved 1048576K
}
Event: 836.123 GC heap before
{Heap before GC invocations=94 (full 0):
 garbage-first heap   total 2105344K, used 2051194K [0x0000000600000000, 0x0000000800000000)
  region size 4096K, 123 young (503808K), 8 survivors (32768K)
 Metaspace       used 209255K, committed 211072K, reserved 1245184K
  class space    used 27556K, committed 28416K, reserved 1048576K
}
Event: 836.211 GC heap after
{Heap after GC invocations=95 (full 0):
 garbage-first heap   total 2117632K, used 484627K [0x0000000600000000, 0x0000000800000000)
  region size 4096K, 14 young (57344K), 14 survivors (57344K)
 Metaspace       used 209255K, committed 211072K, reserved 1245184K
  class space    used 27556K, committed 28416K, reserved 1048576K
}
Event: 838.130 GC heap before
{Heap before GC invocations=95 (full 0):
 garbage-first heap   total 2117632K, used 529683K [0x0000000600000000, 0x0000000800000000)
  region size 4096K, 25 young (102400K), 14 survivors (57344K)
 Metaspace       used 210234K, committed 211968K, reserved 1245184K
  class space    used 27648K, committed 28480K, reserved 1048576K
}
Event: 838.213 GC heap after
{Heap after GC invocations=96 (full 0):
 garbage-first heap   total 2117632K, used 377163K [0x0000000600000000, 0x0000000800000000)
  region size 4096K, 2 young (8192K), 2 survivors (8192K)
 Metaspace       used 210234K, committed 211968K, reserved 1245184K
  class space    used 27648K, committed 28480K, reserved 1048576K
}
Event: 842.888 GC heap before
{Heap before GC invocations=96 (full 0):
 garbage-first heap   total 2117632K, used 1634635K [0x0000000600000000, 0x0000000800000000)
  region size 4096K, 310 young (1269760K), 2 survivors (8192K)
 Metaspace       used 212065K, committed 213824K, reserved 1245184K
  class space    used 27797K, committed 28608K, reserved 1048576K
}
Event: 842.934 GC heap after
{Heap after GC invocations=97 (full 0):
 garbage-first heap   total 2117632K, used 401709K [0x0000000600000000, 0x0000000800000000)
  region size 4096K, 8 young (32768K), 8 survivors (32768K)
 Metaspace       used 212065K, committed 213824K, reserved 1245184K
  class space    used 27797K, committed 28608K, reserved 1048576K
}
Event: 846.317 GC heap before
{Heap before GC invocations=97 (full 0):
 garbage-first heap   total 2117632K, used 1634605K [0x0000000600000000, 0x0000000800000000)
  region size 4096K, 310 young (1269760K), 8 survivors (32768K)
 Metaspace       used 212406K, committed 214208K, reserved 1245184K
  class space    used 27835K, committed 28672K, reserved 1048576K
}
Event: 846.342 GC heap after
{Heap after GC invocations=98 (full 0):
 garbage-first heap   total 2117632K, used 392108K [0x0000000600000000, 0x0000000800000000)
  region size 4096K, 6 young (24576K), 6 survivors (24576K)
 Metaspace       used 212406K, committed 214208K, reserved 1245184K
  class space    used 27835K, committed 28672K, reserved 1048576K
}
Event: 850.908 GC heap before
{Heap before GC invocations=98 (full 0):
 garbage-first heap   total 2117632K, used 1637292K [0x0000000600000000, 0x0000000800000000)
  region size 4096K, 310 young (1269760K), 6 survivors (24576K)
 Metaspace       used 212534K, committed 214272K, reserved 1245184K
  class space    used 27838K, committed 28672K, reserved 1048576K
}
Event: 850.953 GC heap after
{Heap after GC invocations=99 (full 0):
 garbage-first heap   total 2117632K, used 402292K [0x0000000600000000, 0x0000000800000000)
  region size 4096K, 9 young (36864K), 9 survivors (36864K)
 Metaspace       used 212534K, committed 214272K, reserved 1245184K
  class space    used 27838K, committed 28672K, reserved 1048576K
}
Event: 858.829 GC heap before
{Heap before GC invocations=99 (full 0):
 garbage-first heap   total 2117632K, used 1631092K [0x0000000600000000, 0x0000000800000000)
  region size 4096K, 310 young (1269760K), 9 survivors (36864K)
 Metaspace       used 212649K, committed 214400K, reserved 1245184K
  class space    used 27840K, committed 28672K, reserved 1048576K
}
Event: 858.850 GC heap after
{Heap after GC invocations=100 (full 0):
 garbage-first heap   total 2117632K, used 392362K [0x0000000600000000, 0x0000000800000000)
  region size 4096K, 6 young (24576K), 6 survivors (24576K)
 Metaspace       used 212649K, committed 214400K, reserved 1245184K
  class space    used 27840K, committed 28672K, reserved 1048576K
}
Event: 863.070 GC heap before
{Heap before GC invocations=100 (full 0):
 garbage-first heap   total 2117632K, used 1637546K [0x0000000600000000, 0x0000000800000000)
  region size 4096K, 310 young (1269760K), 6 survivors (24576K)
 Metaspace       used 212717K, committed 214464K, reserved 1245184K
  class space    used 27843K, committed 28672K, reserved 1048576K
}
Event: 863.190 GC heap after
{Heap after GC invocations=101 (full 0):
 garbage-first heap   total 2117632K, used 455540K [0x0000000600000000, 0x0000000800000000)
  region size 4096K, 22 young (90112K), 22 survivors (90112K)
 Metaspace       used 212717K, committed 214464K, reserved 1245184K
  class space    used 27843K, committed 28672K, reserved 1048576K
}
Event: 867.082 GC heap before
{Heap before GC invocations=101 (full 0):
 garbage-first heap   total 2117632K, used 1635188K [0x0000000600000000, 0x0000000800000000)
  region size 4096K, 310 young (1269760K), 22 survivors (90112K)
 Metaspace       used 212761K, committed 214528K, reserved 1245184K
  class space    used 27849K, committed 28672K, reserved 1048576K
}
Event: 867.167 GC heap after
{Heap after GC invocations=102 (full 0):
 garbage-first heap   total 2117632K, used 452584K [0x0000000600000000, 0x0000000800000000)
  region size 4096K, 18 young (73728K), 18 survivors (73728K)
 Metaspace       used 212761K, committed 214528K, reserved 1245184K
  class space    used 27849K, committed 28672K, reserved 1048576K
}

Dll operation events (3 events):
Event: 0.015 Loaded shared library C:\Program Files\Android\Android Studio\jbr\bin\java.dll
Event: 0.217 Loaded shared library C:\Program Files\Android\Android Studio\jbr\bin\zip.dll
Event: 0.808 Loaded shared library C:\Program Files\Android\Android Studio\jbr\bin\verify.dll

Deoptimization events (20 events):
Event: 869.547 Thread 0x000001f998c48c20 DEOPT PACKING pc=0x000001f9d4c213a6 sp=0x000000e71c4f9c30
Event: 869.547 Thread 0x000001f998c48c20 DEOPT UNPACKING pc=0x000001f9e008ace3 sp=0x000000e71c4f94b8 mode 0
Event: 869.554 Thread 0x000001f998c48c20 DEOPT PACKING pc=0x000001f9d4429ccd sp=0x000000e71c4fa030
Event: 869.554 Thread 0x000001f998c48c20 DEOPT UNPACKING pc=0x000001f9e008ace3 sp=0x000000e71c4f96d0 mode 0
Event: 869.609 Thread 0x000001f98ee39c60 DEOPT PACKING pc=0x000001f9d430a024 sp=0x000000e71caf9cb0
Event: 869.609 Thread 0x000001f98ee39c60 DEOPT UNPACKING pc=0x000001f9e008ace3 sp=0x000000e71caf9558 mode 0
Event: 869.620 Thread 0x000001f998c48c20 DEOPT PACKING pc=0x000001f9d35290f9 sp=0x000000e71c4f9df0
Event: 869.620 Thread 0x000001f998c48c20 DEOPT UNPACKING pc=0x000001f9e008ace3 sp=0x000000e71c4f9310 mode 0
Event: 869.640 Thread 0x000001f998c48c20 DEOPT PACKING pc=0x000001f9d4309401 sp=0x000000e71c4f9ec0
Event: 869.640 Thread 0x000001f998c48c20 DEOPT UNPACKING pc=0x000001f9e008ace3 sp=0x000000e71c4f9760 mode 0
Event: 869.938 Thread 0x000001f998c47cf0 DEOPT PACKING pc=0x000001f9d4429cac sp=0x000000e71c1f9e30
Event: 869.938 Thread 0x000001f998c47cf0 DEOPT UNPACKING pc=0x000001f9e008ace3 sp=0x000000e71c1f94c8 mode 0
Event: 870.003 Thread 0x000001f998c48c20 DEOPT PACKING pc=0x000001f9d4429ccd sp=0x000000e71c4fa030
Event: 870.003 Thread 0x000001f998c48c20 DEOPT UNPACKING pc=0x000001f9e008ace3 sp=0x000000e71c4f96d0 mode 0
Event: 870.018 Thread 0x000001f98ee39c60 Uncommon trap: trap_request=0xffffff6e fr.pc=0x000001f9e2288d7c relative=0x000000000000087c
Event: 870.018 Thread 0x000001f98ee39c60 Uncommon trap: reason=loop_limit_check action=maybe_recompile pc=0x000001f9e2288d7c method=com.android.tools.r8.internal.M.putAll(Ljava/util/Map;)V @ 31 c2
Event: 870.018 Thread 0x000001f98ee39c60 DEOPT PACKING pc=0x000001f9e2288d7c sp=0x000000e71caf9c90
Event: 870.018 Thread 0x000001f98ee39c60 DEOPT UNPACKING pc=0x000001f9e008a1a3 sp=0x000000e71caf9c48 mode 2
Event: 870.178 Thread 0x000001f998c47cf0 DEOPT PACKING pc=0x000001f9d4c213a6 sp=0x000000e71c1f9a30
Event: 870.178 Thread 0x000001f998c47cf0 DEOPT UNPACKING pc=0x000001f9e008ace3 sp=0x000000e71c1f92b8 mode 0

Classes unloaded (20 events):
Event: 823.187 Thread 0x000001f9fc17e050 Unloading class 0x00000008011f4970 '_BuildScript_$_run_closure1$_closure3'
Event: 823.187 Thread 0x000001f9fc17e050 Unloading class 0x00000008011f4560 '_BuildScript_$_run_closure1'
Event: 823.187 Thread 0x000001f9fc17e050 Unloading class 0x00000008011f4000 '_BuildScript_'
Event: 823.187 Thread 0x000001f9fc17e050 Unloading class 0x00000008011f2000 '_BuildScript_$_run_closure1$_closure3'
Event: 823.187 Thread 0x000001f9fc17e050 Unloading class 0x00000008011f1970 '_BuildScript_$_run_closure1$_closure2'
Event: 823.187 Thread 0x000001f9fc17e050 Unloading class 0x00000008011f1560 '_BuildScript_$_run_closure1'
Event: 823.187 Thread 0x000001f9fc17e050 Unloading class 0x00000008011f1000 '_BuildScript_'
Event: 823.187 Thread 0x000001f9fc17e050 Unloading class 0x0000000801187040 '_BuildScript_$_run_closure3'
Event: 823.187 Thread 0x000001f9fc17e050 Unloading class 0x0000000801186c30 '_BuildScript_$_run_closure2$_closure9$_closure10$_closure11$_closure12'
Event: 823.187 Thread 0x000001f9fc17e050 Unloading class 0x0000000801186820 '_BuildScript_$_run_closure2$_closure9$_closure10$_closure11'
Event: 823.187 Thread 0x000001f9fc17e050 Unloading class 0x0000000801186410 '_BuildScript_$_run_closure2$_closure9$_closure10'
Event: 823.187 Thread 0x000001f9fc17e050 Unloading class 0x0000000801186000 '_BuildScript_$_run_closure2$_closure9'
Event: 823.187 Thread 0x000001f9fc17e050 Unloading class 0x0000000801185860 '_BuildScript_$_run_closure2$_closure8'
Event: 823.187 Thread 0x000001f9fc17e050 Unloading class 0x0000000801185450 '_BuildScript_$_run_closure2$_closure7'
Event: 823.187 Thread 0x000001f9fc17e050 Unloading class 0x0000000801185040 '_BuildScript_$_run_closure2$_closure6'
Event: 823.187 Thread 0x000001f9fc17e050 Unloading class 0x0000000801184c30 '_BuildScript_$_run_closure2$_closure5'
Event: 823.187 Thread 0x000001f9fc17e050 Unloading class 0x0000000801184820 '_BuildScript_$_run_closure2'
Event: 823.187 Thread 0x000001f9fc17e050 Unloading class 0x0000000801184410 '_BuildScript_$_run_closure1$_closure4'
Event: 823.187 Thread 0x000001f9fc17e050 Unloading class 0x0000000801184000 '_BuildScript_$_run_closure1'
Event: 823.187 Thread 0x000001f9fc17e050 Unloading class 0x0000000801139000 '_BuildScript_'

Classes redefined (0 events):
No events

Internal exceptions (20 events):
Event: 860.400 Thread 0x000001f998c45980 Exception <a 'sun/nio/fs/WindowsException'{0x0000000661f9cfb8}> (0x0000000661f9cfb8) 
thrown [s\src\hotspot\share\prims\jni.cpp, line 517]
Event: 860.415 Thread 0x000001f998c472d0 Exception <a 'sun/nio/fs/WindowsException'{0x0000000663308438}> (0x0000000663308438) 
thrown [s\src\hotspot\share\prims\jni.cpp, line 517]
Event: 860.528 Thread 0x000001f998c48200 Exception <a 'sun/nio/fs/WindowsException'{0x000000065f4eeae0}> (0x000000065f4eeae0) 
thrown [s\src\hotspot\share\prims\jni.cpp, line 517]
Event: 860.586 Thread 0x000001f998c48200 Exception <a 'sun/nio/fs/WindowsException'{0x000000065dfcf8f0}> (0x000000065dfcf8f0) 
thrown [s\src\hotspot\share\prims\jni.cpp, line 517]
Event: 860.653 Thread 0x000001f998c48c20 Exception <a 'sun/nio/fs/WindowsException'{0x000000065cbad558}> (0x000000065cbad558) 
thrown [s\src\hotspot\share\prims\jni.cpp, line 517]
Event: 860.679 Thread 0x000001f998c48200 Exception <a 'sun/nio/fs/WindowsException'{0x000000065c494f70}> (0x000000065c494f70) 
thrown [s\src\hotspot\share\prims\jni.cpp, line 517]
Event: 860.684 Thread 0x000001f998c472d0 Exception <a 'sun/nio/fs/WindowsException'{0x000000065c912c28}> (0x000000065c912c28) 
thrown [s\src\hotspot\share\prims\jni.cpp, line 517]
Event: 860.750 Thread 0x000001f998c48200 Exception <a 'sun/nio/fs/WindowsException'{0x000000065b6d0008}> (0x000000065b6d0008) 
thrown [s\src\hotspot\share\prims\jni.cpp, line 517]
Event: 860.825 Thread 0x000001f998c472d0 Exception <a 'sun/nio/fs/WindowsException'{0x000000065a8f0660}> (0x000000065a8f0660) 
thrown [s\src\hotspot\share\prims\jni.cpp, line 517]
Event: 860.871 Thread 0x000001f998c48200 Exception <a 'sun/nio/fs/WindowsException'{0x0000000659fa6b30}> (0x0000000659fa6b30) 
thrown [s\src\hotspot\share\prims\jni.cpp, line 517]
Event: 860.926 Thread 0x000001f998c47cf0 Exception <a 'sun/nio/fs/WindowsException'{0x0000000658af6100}> (0x0000000658af6100) 
thrown [s\src\hotspot\share\prims\jni.cpp, line 517]
Event: 860.937 Thread 0x000001f998c472d0 Exception <a 'sun/nio/fs/WindowsException'{0x00000006582773b8}> (0x00000006582773b8) 
thrown [s\src\hotspot\share\prims\jni.cpp, line 517]
Event: 861.014 Thread 0x000001f998c472d0 Exception <a 'sun/nio/fs/WindowsException'{0x0000000658310a08}> (0x0000000658310a08) 
thrown [s\src\hotspot\share\prims\jni.cpp, line 517]
Event: 861.054 Thread 0x000001f998c472d0 Exception <a 'sun/nio/fs/WindowsException'{0x00000006583c2368}> (0x00000006583c2368) 
thrown [s\src\hotspot\share\prims\jni.cpp, line 517]
Event: 861.312 Thread 0x000001f998c48c20 Exception <a 'sun/nio/fs/WindowsException'{0x00000006517be8b0}> (0x00000006517be8b0) 
thrown [s\src\hotspot\share\prims\jni.cpp, line 517]
Event: 861.325 Thread 0x000001f998c45980 Implicit null exception at 0x000001f9e245fd66 to 0x000001f9e246389c
Event: 861.476 Thread 0x000001f998c48200 Exception <a 'sun/nio/fs/WindowsException'{0x000000064ce3b898}> (0x000000064ce3b898) 
thrown [s\src\hotspot\share\prims\jni.cpp, line 517]
Event: 861.503 Thread 0x000001f98ee39750 Exception <a 'sun/nio/fs/WindowsException'{0x000000064cfc27e8}> (0x000000064cfc27e8) 
thrown [s\src\hotspot\share\prims\jni.cpp, line 517]
Event: 862.099 Thread 0x000001f98ee3a680 Exception <a 'sun/nio/fs/WindowsException'{0x000000064396e8e0}> (0x000000064396e8e0) 
thrown [s\src\hotspot\share\prims\jni.cpp, line 517]
Event: 867.848 Thread 0x000001f998c45980 Exception <a 'sun/nio/fs/WindowsException'{0x000000066e5c84b8}> (0x000000066e5c84b8) 
thrown [s\src\hotspot\share\prims\jni.cpp, line 517]

VM Operations (20 events):
Event: 863.062 Executing VM operation: G1CollectForAllocation
Event: 863.191 Executing VM operation: G1CollectForAllocation done
Event: 863.752 Executing VM operation: HandshakeAllThreads
Event: 863.753 Executing VM operation: HandshakeAllThreads done
Event: 864.754 Executing VM operation: Cleanup
Event: 864.756 Executing VM operation: Cleanup done
Event: 865.757 Executing VM operation: Cleanup
Event: 865.758 Executing VM operation: Cleanup done
Event: 865.937 Executing VM operation: HandshakeAllThreads
Event: 865.938 Executing VM operation: HandshakeAllThreads done
Event: 866.784 Executing VM operation: HandshakeAllThreads
Event: 866.787 Executing VM operation: HandshakeAllThreads done
Event: 866.787 Executing VM operation: Cleanup
Event: 866.789 Executing VM operation: Cleanup done
Event: 867.082 Executing VM operation: G1CollectForAllocation
Event: 867.167 Executing VM operation: G1CollectForAllocation done
Event: 868.168 Executing VM operation: Cleanup
Event: 868.169 Executing VM operation: Cleanup done
Event: 869.169 Executing VM operation: Cleanup
Event: 869.174 Executing VM operation: Cleanup done

Events (20 events):
Event: 866.915 Thread 0x000001f9fec107f0 flushing nmethod 0x000001f9d4168d10
Event: 866.915 Thread 0x000001f9fec107f0 flushing nmethod 0x000001f9d4170c90
Event: 866.915 Thread 0x000001f9fec107f0 flushing nmethod 0x000001f9d4177290
Event: 866.916 Thread 0x000001f9fec107f0 flushing nmethod 0x000001f9d421a590
Event: 866.917 Thread 0x000001f9fec107f0 flushing nmethod 0x000001f9d42cbf90
Event: 866.917 Thread 0x000001f9fec107f0 flushing nmethod 0x000001f9d42ee510
Event: 866.917 Thread 0x000001f9fec107f0 flushing nmethod 0x000001f9d4380590
Event: 866.919 Thread 0x000001f9fec107f0 flushing nmethod 0x000001f9d4444490
Event: 866.920 Thread 0x000001f9fec107f0 flushing nmethod 0x000001f9d44e2f90
Event: 866.921 Thread 0x000001f9fec107f0 flushing nmethod 0x000001f9d44faa90
Event: 866.922 Thread 0x000001f9fec107f0 flushing nmethod 0x000001f9d45c6c10
Event: 866.922 Thread 0x000001f9fec107f0 flushing nmethod 0x000001f9d45d7510
Event: 866.922 Thread 0x000001f9fec107f0 flushing nmethod 0x000001f9d45e7e10
Event: 866.922 Thread 0x000001f9fec107f0 flushing nmethod 0x000001f9d4675410
Event: 866.922 Thread 0x000001f9fec107f0 flushing nmethod 0x000001f9d4680e90
Event: 866.923 Thread 0x000001f9fec107f0 flushing nmethod 0x000001f9d4706790
Event: 866.924 Thread 0x000001f9fec107f0 flushing nmethod 0x000001f9d4804a90
Event: 866.926 Thread 0x000001f9fec107f0 flushing nmethod 0x000001f9d48c4e90
Event: 866.926 Thread 0x000001f9fec107f0 flushing nmethod 0x000001f9d48c5d90
Event: 866.928 Thread 0x000001f9fec107f0 flushing nmethod 0x000001f9d4a3e810


Dynamic libraries:
0x00007ff65d770000 - 0x00007ff65d77a000 	C:\Program Files\Android\Android Studio\jbr\bin\java.exe
0x00007fff4a280000 - 0x00007fff4a4e0000 	C:\WINDOWS\SYSTEM32\ntdll.dll
0x00007fff48e40000 - 0x00007fff48f07000 	C:\WINDOWS\System32\KERNEL32.DLL
0x00007fff47920000 - 0x00007fff47cea000 	C:\WINDOWS\System32\KERNELBASE.dll
0x00007fff47f30000 - 0x00007fff4807b000 	C:\WINDOWS\System32\ucrtbase.dll
0x00007fff2b300000 - 0x00007fff2b31b000 	C:\Program Files\Android\Android Studio\jbr\bin\VCRUNTIME140.dll
0x00007fff27070000 - 0x00007fff27087000 	C:\Program Files\Android\Android Studio\jbr\bin\jli.dll
0x00007fff491c0000 - 0x00007fff4938c000 	C:\WINDOWS\System32\USER32.dll
0x00007fff26c70000 - 0x00007fff26f09000 	C:\WINDOWS\WinSxS\amd64_microsoft.windows.common-controls_6595b64144ccf1df_6.0.26100.3575_none_3e0d5430e32ff727\COMCTL32.dll
0x00007fff478f0000 - 0x00007fff47917000 	C:\WINDOWS\System32\win32u.dll
0x00007fff48700000 - 0x00007fff487a9000 	C:\WINDOWS\System32\msvcrt.dll
0x00007fff49a00000 - 0x00007fff49a2a000 	C:\WINDOWS\System32\GDI32.dll
0x00007fff47500000 - 0x00007fff47631000 	C:\WINDOWS\System32\gdi32full.dll
0x00007fff47640000 - 0x00007fff476e3000 	C:\WINDOWS\System32\msvcp_win.dll
0x00007fff48b70000 - 0x00007fff48b9f000 	C:\WINDOWS\System32\IMM32.DLL
0x00007fff2b2f0000 - 0x00007fff2b2fc000 	C:\Program Files\Android\Android Studio\jbr\bin\vcruntime140_1.dll
0x00007ffef8e60000 - 0x00007ffef8eed000 	C:\Program Files\Android\Android Studio\jbr\bin\msvcp140.dll
0x00007ffec4860000 - 0x00007ffec54e3000 	C:\Program Files\Android\Android Studio\jbr\bin\server\jvm.dll
0x00007fff48bc0000 - 0x00007fff48c72000 	C:\WINDOWS\System32\ADVAPI32.dll
0x00007fff48980000 - 0x00007fff48a26000 	C:\WINDOWS\System32\sechost.dll
0x00007fff48a30000 - 0x00007fff48b46000 	C:\WINDOWS\System32\RPCRT4.dll
0x00007fff37940000 - 0x00007fff3794a000 	C:\WINDOWS\SYSTEM32\WSOCK32.dll
0x00007fff493f0000 - 0x00007fff49464000 	C:\WINDOWS\System32\WS2_32.dll
0x00007fff3e6e0000 - 0x00007fff3e716000 	C:\WINDOWS\SYSTEM32\WINMM.dll
0x00007fff35930000 - 0x00007fff3593b000 	C:\WINDOWS\SYSTEM32\VERSION.dll
0x00007fff472e0000 - 0x00007fff4733e000 	C:\WINDOWS\SYSTEM32\POWRPROF.dll
0x00007fff472c0000 - 0x00007fff472d4000 	C:\WINDOWS\SYSTEM32\UMPDC.dll
0x00007fff46270000 - 0x00007fff4628a000 	C:\WINDOWS\SYSTEM32\kernel.appcore.dll
0x00007fff361e0000 - 0x00007fff361ea000 	C:\Program Files\Android\Android Studio\jbr\bin\jimage.dll
0x00007fff44740000 - 0x00007fff44981000 	C:\WINDOWS\SYSTEM32\DBGHELP.DLL
0x00007fff49470000 - 0x00007fff497f3000 	C:\WINDOWS\System32\combase.dll
0x00007fff4a160000 - 0x00007fff4a236000 	C:\WINDOWS\System32\OLEAUT32.dll
0x00007fff15960000 - 0x00007fff15999000 	C:\WINDOWS\SYSTEM32\dbgcore.DLL
0x00007fff47460000 - 0x00007fff474f9000 	C:\WINDOWS\System32\bcryptPrimitives.dll
0x00007fff271f0000 - 0x00007fff271fe000 	C:\Program Files\Android\Android Studio\jbr\bin\instrument.dll
0x00007fff273d0000 - 0x00007fff273f5000 	C:\Program Files\Android\Android Studio\jbr\bin\java.dll
0x00007fff2b330000 - 0x00007fff2b348000 	C:\Program Files\Android\Android Studio\jbr\bin\zip.dll
0x00007fff49a30000 - 0x00007fff4a159000 	C:\WINDOWS\System32\SHELL32.dll
0x00007fff47780000 - 0x00007fff478e8000 	C:\WINDOWS\System32\wintypes.dll
0x00007fff450d0000 - 0x00007fff45923000 	C:\WINDOWS\SYSTEM32\windows.storage.dll
0x00007fff49850000 - 0x00007fff4993d000 	C:\WINDOWS\System32\SHCORE.dll
0x00007fff48910000 - 0x00007fff48975000 	C:\WINDOWS\System32\shlwapi.dll
0x00007fff47370000 - 0x00007fff4739f000 	C:\WINDOWS\SYSTEM32\profapi.dll
0x00007fff27370000 - 0x00007fff27389000 	C:\Program Files\Android\Android Studio\jbr\bin\net.dll
0x00007fff36210000 - 0x00007fff3632e000 	C:\WINDOWS\SYSTEM32\WINHTTP.dll
0x00007fff46790000 - 0x00007fff467fa000 	C:\WINDOWS\system32\mswsock.dll
0x00007fff27350000 - 0x00007fff27366000 	C:\Program Files\Android\Android Studio\jbr\bin\nio.dll
0x00007fff27200000 - 0x00007fff27210000 	C:\Program Files\Android\Android Studio\jbr\bin\verify.dll
0x00007fff27490000 - 0x00007fff274b7000 	C:\Users\ayenl\.gradle\native\1def1411415f61bf3af743bc5b6707747c0891f09f0c88961ee8f79bc544acac\windows-amd64\native-platform.dll
0x0000000070d10000 - 0x0000000070d83000 	C:\Users\ayenl\.gradle\native\0.2.5\x86_64-windows-gnu\gradle-fileevents.dll
0x00007fff361d0000 - 0x00007fff361d9000 	C:\Program Files\Android\Android Studio\jbr\bin\management.dll
0x00007fff2b1c0000 - 0x00007fff2b1cb000 	C:\Program Files\Android\Android Studio\jbr\bin\management_ext.dll
0x00007fff48bb0000 - 0x00007fff48bb8000 	C:\WINDOWS\System32\PSAPI.DLL
0x00007fff46a30000 - 0x00007fff46a4c000 	C:\WINDOWS\SYSTEM32\CRYPTSP.dll
0x00007fff461d0000 - 0x00007fff4620a000 	C:\WINDOWS\system32\rsaenh.dll
0x00007fff46830000 - 0x00007fff4685b000 	C:\WINDOWS\SYSTEM32\USERENV.dll
0x00007fff46c70000 - 0x00007fff46c96000 	C:\WINDOWS\SYSTEM32\bcrypt.dll
0x00007fff46a50000 - 0x00007fff46a5c000 	C:\WINDOWS\SYSTEM32\CRYPTBASE.dll
0x00007fff45d00000 - 0x00007fff45d33000 	C:\WINDOWS\SYSTEM32\IPHLPAPI.DLL
0x00007fff499f0000 - 0x00007fff499fa000 	C:\WINDOWS\System32\NSI.dll
0x00007fff37690000 - 0x00007fff376af000 	C:\WINDOWS\SYSTEM32\dhcpcsvc6.DLL
0x00007fff37560000 - 0x00007fff37585000 	C:\WINDOWS\SYSTEM32\dhcpcsvc.DLL
0x00007fff45d40000 - 0x00007fff45e65000 	C:\WINDOWS\SYSTEM32\DNSAPI.dll
0x00007fff29690000 - 0x00007fff29698000 	C:\WINDOWS\system32\wshunix.dll
0x0000000070c90000 - 0x0000000070d03000 	C:\Users\ayenl\AppData\Local\Temp\native-platform8919389894556841043dir\gradle-fileevents.dll
0x00007fff12a30000 - 0x00007fff12a48000 	C:\WINDOWS\system32\napinsp.dll
0x00007fff07010000 - 0x00007fff07022000 	C:\WINDOWS\System32\winrnr.dll
0x00007ffec28c0000 - 0x00007ffec28f0000 	C:\WINDOWS\system32\nlansp_c.dll
0x00007fff35010000 - 0x00007fff35026000 	C:\WINDOWS\system32\wshbth.dll
0x00007fff35700000 - 0x00007fff3570b000 	C:\Windows\System32\rasadhlp.dll
0x00007fff379c0000 - 0x00007fff37a45000 	C:\WINDOWS\System32\fwpuclnt.dll
0x00007fff46390000 - 0x00007fff463c5000 	C:\WINDOWS\SYSTEM32\ntmarta.dll
0x00007fff43ee0000 - 0x00007fff43f7c000 	C:\WINDOWS\system32\apphelp.dll
0x00007fff41cb0000 - 0x00007fff41cb7000 	C:\Program Files\Android\Android Studio\jbr\bin\rmi.dll

dbghelp: loaded successfully - version: 4.0.5 - missing functions: none
symbol engine: initialized successfully - sym options: 0x614 - pdb path: .;C:\Program Files\Android\Android Studio\jbr\bin;C:\WINDOWS\SYSTEM32;C:\WINDOWS\WinSxS\amd64_microsoft.windows.common-controls_6595b64144ccf1df_6.0.26100.3575_none_3e0d5430e32ff727;C:\Program Files\Android\Android Studio\jbr\bin\server;C:\Users\ayenl\.gradle\native\1def1411415f61bf3af743bc5b6707747c0891f09f0c88961ee8f79bc544acac\windows-amd64;C:\Users\ayenl\.gradle\native\0.2.5\x86_64-windows-gnu;C:\Users\ayenl\AppData\Local\Temp\native-platform8919389894556841043dir

VM Arguments:
jvm_args: --add-opens=java.base/java.lang=ALL-UNNAMED --add-opens=java.base/java.lang.invoke=ALL-UNNAMED --add-opens=java.base/java.util=ALL-UNNAMED --add-opens=java.prefs/java.util.prefs=ALL-UNNAMED --add-exports=jdk.compiler/com.sun.tools.javac.api=ALL-UNNAMED --add-exports=jdk.compiler/com.sun.tools.javac.util=ALL-UNNAMED --add-opens=java.base/java.util=ALL-UNNAMED --add-opens=java.prefs/java.util.prefs=ALL-UNNAMED --add-opens=java.base/java.nio.charset=ALL-UNNAMED --add-opens=java.base/java.net=ALL-UNNAMED --add-opens=java.base/java.util.concurrent.atomic=ALL-UNNAMED --add-opens=java.xml/javax.xml.namespace=ALL-UNNAMED -XX:MaxMetaspaceSize=4G -XX:ReservedCodeCacheSize=512m -XX:+HeapDumpOnOutOfMemoryError -Xmx8G -Dfile.encoding=windows-1258 -Duser.country=US -Duser.language=en -Duser.variant -javaagent:C:\Users\ayenl\.gradle\wrapper\dists\gradle-8.12-all\ejduaidbjup3bmmkhw3rie4zb\gradle-8.12\lib\agents\gradle-instrumentation-agent-8.12.jar 
java_command: org.gradle.launcher.daemon.bootstrap.GradleDaemon 8.12
java_class_path (initial): C:\Users\ayenl\.gradle\wrapper\dists\gradle-8.12-all\ejduaidbjup3bmmkhw3rie4zb\gradle-8.12\lib\gradle-daemon-main-8.12.jar
Launcher Type: SUN_STANDARD

[Global flags]
     intx CICompilerCount                          = 4                                         {product} {ergonomic}
     uint ConcGCThreads                            = 2                                         {product} {ergonomic}
     uint G1ConcRefinementThreads                  = 8                                         {product} {ergonomic}
   size_t G1HeapRegionSize                         = 4194304                                   {product} {ergonomic}
    uintx GCDrainStackTargetSize                   = 64                                        {product} {ergonomic}
     bool HeapDumpOnOutOfMemoryError               = true                                   {manageable} {command line}
   size_t InitialHeapSize                          = 264241152                                 {product} {ergonomic}
   size_t MarkStackSize                            = 4194304                                   {product} {ergonomic}
   size_t MaxHeapSize                              = 8589934592                                {product} {command line}
   size_t MaxMetaspaceSize                         = 4294967296                                {product} {command line}
   size_t MaxNewSize                               = 5150605312                                {product} {ergonomic}
   size_t MinHeapDeltaBytes                        = 4194304                                   {product} {ergonomic}
   size_t MinHeapSize                              = 8388608                                   {product} {ergonomic}
    uintx NonNMethodCodeHeapSize                   = 5839372                                {pd product} {ergonomic}
    uintx NonProfiledCodeHeapSize                  = 265515770                              {pd product} {ergonomic}
    uintx ProfiledCodeHeapSize                     = 265515770                              {pd product} {ergonomic}
    uintx ReservedCodeCacheSize                    = 536870912                              {pd product} {command line}
     bool SegmentedCodeCache                       = true                                      {product} {ergonomic}
   size_t SoftMaxHeapSize                          = 8589934592                             {manageable} {ergonomic}
   double SweeperThreshold                         = 0.234375                                  {product} {ergonomic}
     bool UseCompressedClassPointers               = true                           {product lp64_product} {ergonomic}
     bool UseCompressedOops                        = true                           {product lp64_product} {ergonomic}
     bool UseG1GC                                  = true                                      {product} {ergonomic}
     bool UseLargePagesIndividualAllocation        = false                                  {pd product} {ergonomic}

Logging:
Log output configuration:
 #0: stdout all=warning uptime,level,tags
 #1: stderr all=off uptime,level,tags

Environment Variables:
JAVA_HOME=C:\Program Files\Android\Android Studio\jbr
CLASSPATH=D:\Workspace\HTC\csam_mobile\android\\gradle\wrapper\gradle-wrapper.jar
PATH=C:\Program Files\Android\Android Studio\jbr\bin;C:\Program Files (x86)\Common Files\Oracle\Java\javapath;C:\WINDOWS\system32;C:\WINDOWS;C:\WINDOWS\System32\Wbem;C:\WINDOWS\System32\WindowsPowerShell\v1.0\;C:\WINDOWS\System32\OpenSSH\;C:\Program Files\Microsoft SQL Server\150\Tools\Binn\;C:\Program Files\Microsoft SQL Server\Client SDK\ODBC\170\Tools\Binn\;C:\Program Files\dotnet\;C:\Program Files (x86)\Microsoft SQL Server\150\Tools\Binn\;C:\Program Files\Microsoft SQL Server\150\DTS\Binn\;C:\Program Files (x86)\Microsoft SQL Server\150\DTS\Binn\;C:\Program Files\Azure Data Studio\bin;D:\DangHieu\cogang\Git\cmd;D:\Java\jdk1.8.0_202\bin;C:\Users\ayenl\AppData\Local\Microsoft\WindowsApps;C:\Users\ayenl\.dotnet\tools;D:\src\flutter\bin;;C:\Users\ayenl\AppData\Local\Programs\Microsoft VS Code\bin;C:\Program Files\Azure Data Studio\bin;D:\src\flutter\bin\mingit\cmd
USERNAME=hiudayyy
OS=Windows_NT
PROCESSOR_IDENTIFIER=Intel64 Family 6 Model 140 Stepping 1, GenuineIntel
TMP=C:\Users\ayenl\AppData\Local\Temp
TEMP=C:\Users\ayenl\AppData\Local\Temp



Periodic native trim disabled

JNI global refs:
JNI global refs: 34, weak refs: 237

JNI global refs memory usage: 843, weak refs: 3369

OOME stack traces (most recent first):
Classloader memory used:
Loader org.gradle.internal.classloader.VisitableURLClassLoader$InstrumentingVisitableURLClassLoader: 10349K
Loader org.gradle.internal.classloader.VisitableURLClassLoader                         : 6992K
Loader bootstrap                                                                       : 4547K
Loader org.gradle.initialization.MixInLegacyTypesClassLoader                           : 2037K
Loader jdk.internal.loader.ClassLoaders$AppClassLoader                                 : 1278K
Loader java.net.URLClassLoader                                                         : 639K
Loader jdk.internal.reflect.DelegatingClassLoader                                      : 329K
Loader jdk.internal.jrtfs.JrtFileSystemProvider$JrtFsLoader                            : 176K
Loader jdk.internal.loader.ClassLoaders$PlatformClassLoader                            : 131K
Loader org.gradle.groovy.scripts.internal.DefaultScriptCompilationHandler$ScriptClassLoader: 86260B
Loader org.gradle.internal.classloader.VisitableURLClassLoader                         : 29190B
Loader org.codehaus.groovy.runtime.callsite.CallSiteClassLoader                        : 3190B
Loader sun.reflect.misc.MethodUtil                                                     : 373B

Classes loaded by more than one classloader:
Class Program                                                                         : loaded 11 times (x 70B)
Class jdk.internal.jimage.ImageBufferCache$1                                          : loaded 6 times (x 78B)
Class jdk.internal.jimage.ImageBufferCache                                            : loaded 6 times (x 69B)
Class jdk.internal.jimage.ImageReader                                                 : loaded 6 times (x 73B)
Class jdk.internal.jimage.ImageBufferCache$2                                          : loaded 6 times (x 89B)
Class jdk.internal.jimage.ImageReader$SharedImageReader$LocationVisitor               : loaded 6 times (x 68B)
Class jdk.internal.jimage.ImageStringsReader                                          : loaded 6 times (x 78B)
Class jdk.internal.jrtfs.SystemImage$1                                                : loaded 6 times (x 76B)
Class jdk.internal.jrtfs.JrtDirectoryStream                                           : loaded 6 times (x 87B)
Class jdk.internal.jrtfs.JrtFileSystemProvider                                        : loaded 6 times (x 97B)
Class jdk.internal.jrtfs.JrtFileSystem                                                : loaded 6 times (x 100B)
Class jdk.internal.jimage.decompressor.Decompressor                                   : loaded 6 times (x 70B)
Class jdk.internal.jimage.ImageReader$Directory                                       : loaded 6 times (x 82B)
Class jdk.internal.jrtfs.JrtFileAttributes                                            : loaded 6 times (x 81B)
Class jdk.internal.jimage.ImageStrings                                                : loaded 6 times (x 68B)
Class jdk.internal.jrtfs.JrtPath                                                      : loaded 6 times (x 116B)
Class jdk.internal.jimage.ImageReader$Node                                            : loaded 6 times (x 82B)
Class jdk.internal.jrtfs.SystemImage$2                                                : loaded 6 times (x 74B)
Class jdk.internal.jimage.ImageLocation                                               : loaded 6 times (x 88B)
Class jdk.internal.jimage.ImageReader$Resource                                        : loaded 6 times (x 82B)
Class jdk.internal.jimage.BasicImageReader$1                                          : loaded 6 times (x 75B)
Class jdk.internal.jimage.BasicImageReader                                            : loaded 6 times (x 93B)
Class jdk.internal.jrtfs.SystemImage                                                  : loaded 6 times (x 72B)
Class jdk.internal.jrtfs.JrtDirectoryStream$1                                         : loaded 6 times (x 81B)
Class jdk.internal.jimage.ImageReader$SharedImageReader                               : loaded 6 times (x 93B)
Class jdk.internal.jimage.ImageHeader                                                 : loaded 6 times (x 69B)
Class jdk.internal.jrtfs.ExplodedImage                                                : loaded 5 times (x 75B)
Class jdk.internal.jimage.BasicImageReader$2                                          : loaded 5 times (x 75B)
Class jdk.internal.jimage.ImageReader$LinkNode                                        : loaded 5 times (x 82B)
Class jdk.internal.jrtfs.JrtFileStore                                                 : loaded 5 times (x 81B)
Class Build_gradle                                                                    : loaded 4 times (x 128B)
Class Build_gradle$1                                                                  : loaded 4 times (x 73B)
Class Build_gradle$2                                                                  : loaded 3 times (x 72B)
Class Settings_gradle                                                                 : loaded 3 times (x 126B)
Class org.jetbrains.kotlin.build.report.metrics.GradleBuildTime                       : loaded 3 times (x 84B)
Class [Lorg.jetbrains.kotlin.build.report.metrics.BuildTime;                          : loaded 3 times (x 67B)
Class [Lorg.jetbrains.kotlin.build.report.metrics.GradleBuildTime;                    : loaded 3 times (x 67B)
Class org.jetbrains.kotlin.build.report.metrics.BuildTime                             : loaded 3 times (x 68B)
Class org.jetbrains.kotlin.build.report.metrics.GradleBuildTime$Companion             : loaded 3 times (x 69B)
Class org.jetbrains.kotlin.build.report.metrics.BuildMetricsReporter                  : loaded 3 times (x 68B)
Class org.jetbrains.kotlin.gradle.plugin.diagnostics.checkers.ComposePluginSuggestApplyChecker$runChecks$1: loaded 2 times (x 86B)
Class com.google.common.collect.SingletonImmutableList                                : loaded 2 times (x 167B)
Class org.jetbrains.kotlin.gradle.artifacts.KotlinNativeKlibArtifactKt                : loaded 2 times (x 69B)
Class org.jetbrains.kotlin.gradle.plugin.KotlinGradleBuildServices$detectKotlinPluginLoadedInMultipleProjects$onRegister$1$1: loaded 2 times (x 73B)
Class org.jetbrains.kotlin.statistics.MetricValueValidationFailed                     : loaded 2 times (x 80B)
Class org.jetbrains.kotlin.gradle.plugin.mpp.compilationImpl.DefaultKotlinCompilationFriendPathsResolver$resolveFriendPaths$1$1: loaded 2 times (x 77B)
Class com.google.common.cache.CacheLoader$SupplierToCacheLoader                       : loaded 2 times (x 73B)
Class org.gradle.internal.classpath.ClassPath                                         : loaded 2 times (x 68B)
Class com.google.common.io.FileWriteMode                                              : loaded 2 times (x 77B)
Class org.jetbrains.kotlin.gradle.plugin.mpp.compilationImpl.factory.KotlinCompilationImplFactory$PostConfigure: loaded 2 times (x 68B)
Class org.jetbrains.kotlin.gradle.targets.js.dsl.KotlinWasmTargetDsl                  : loaded 2 times (x 68B)
Class org.jetbrains.kotlin.gradle.dsl.KotlinJvmProjectExtension                       : loaded 2 times (x 137B)
Class com.google.common.cache.RemovalListener                                         : loaded 2 times (x 68B)
Class org.gradle.api.internal.classpath.DefaultModuleRegistry                         : loaded 2 times (x 84B)
Class com.google.common.collect.FluentIterable$1                                      : loaded 2 times (x 79B)
Class com.google.common.collect.FluentIterable$2                                      : loaded 2 times (x 79B)
Class org.jetbrains.kotlin.gradle.dsl.KotlinCommonCompilerOptionsDefault              : loaded 2 times (x 94B)
Class com.google.common.collect.FluentIterable$3                                      : loaded 2 times (x 79B)
Class org.jetbrains.kotlin.gradle.utils.FutureKt$future$2$1                           : loaded 2 times (x 93B)
Class org.jetbrains.kotlin.gradle.plugin.mpp.compilationImpl.DefaultKotlinCompilationFriendPathsResolver$DefaultFriendArtifactResolver: loaded 2 times (x 72B)
Class Settings_gradle$1$1                                                             : loaded 2 times (x 72B)
Class com.google.common.collect.ImmutableEnumSet                                      : loaded 2 times (x 144B)
Class [Lcom.google.common.collect.MapMaker$Dummy;                                     : loaded 2 times (x 67B)
Class org.jetbrains.kotlin.gradle.artifacts.KotlinJvmJarArtifactKt$KotlinJvmJarArtifact$1: loaded 2 times (x 72B)
Class org.jetbrains.kotlin.gradle.plugin.mpp.ApplyUserDefinedAttributesKt$UserDefinedAttributesSetupAction$1: loaded 2 times (x 93B)
Class com.google.common.collect.ListMultimap                                          : loaded 2 times (x 68B)
Class org.apache.commons.compress.archivers.zip.ZipArchiveEntry$NameSource            : loaded 2 times (x 77B)
Class org.jetbrains.kotlin.gradle.plugin.mpp.compilationImpl.factory.KotlinCompilationImplFactory$PostConfigure$Companion: loaded 2 times (x 69B)
Class com.google.common.base.CharMatcher$JavaDigit                                    : loaded 2 times (x 109B)
Class org.jetbrains.kotlin.gradle.plugin.mpp.compilationImpl.DefaultKotlinCompilationPostConfigureKt: loaded 2 times (x 69B)
Class org.jetbrains.kotlin.gradle.internal.properties.NativePropertiesLoader          : loaded 2 times (x 84B)
Class com.google.common.base.CharMatcher$Digit                                        : loaded 2 times (x 110B)
Class com.google.common.collect.AbstractMultimap                                      : loaded 2 times (x 121B)
Class kotlin.io.FilesKt__FilePathComponentsKt                                         : loaded 2 times (x 69B)
Class com.google.common.collect.ImmutableRangeSet$AsSet                               : loaded 2 times (x 233B)
Class kotlin.enums.EnumEntries                                                        : loaded 2 times (x 68B)
Class kotlin.text.StringsKt__RegexExtensionsJVMKt                                     : loaded 2 times (x 69B)
Class com.google.common.collect.ImmutableSortedMap$1EntrySet$1                        : loaded 2 times (x 172B)
Class com.google.common.io.ByteSource$ConcatenatedByteSource                          : loaded 2 times (x 83B)
Class com.google.common.collect.ForwardingSet                                         : loaded 2 times (x 149B)
Class org.jetbrains.kotlin.tooling.core.Extras$Key$Companion                          : loaded 2 times (x 69B)
Class com.google.common.io.AppendableWriter                                           : loaded 2 times (x 98B)
Class org.jetbrains.kotlin.gradle.plugin.SubpluginEnvironment$Companion               : loaded 2 times (x 69B)
Class com.google.common.cache.CacheBuilder$OneWeigher                                 : loaded 2 times (x 80B)
Class org.gradle.api.Action                                                           : loaded 2 times (x 68B)
Class com.google.common.io.ByteSource$SlicedByteSource                                : loaded 2 times (x 83B)
Class kotlin.ranges.RangesKt                                                          : loaded 2 times (x 69B)
Class org.jetbrains.kotlin.gradle.tasks.KotlinJavaToolchain                           : loaded 2 times (x 68B)
Class org.jetbrains.kotlin.gradle.utils.PersistentCachesKt                            : loaded 2 times (x 69B)
Class org.jetbrains.kotlin.gradle.utils.StoredPropertyStorage                         : loaded 2 times (x 70B)
Class org.apache.commons.compress.archivers.ArchiveEntry                              : loaded 2 times (x 68B)
Class org.jetbrains.kotlin.gradle.utils.Completable                                   : loaded 2 times (x 70B)
Class [Lorg.jetbrains.kotlin.build.report.metrics.BuildAttributeKind;                 : loaded 2 times (x 67B)
Class org.jetbrains.kotlin.gradle.plugin.diagnostics.TransformActionUsingKotlinToolingDiagnostics$Companion: loaded 2 times (x 69B)
Class org.jetbrains.kotlin.gradle.plugin.KotlinPluginLifecycleCoroutineContextElement : loaded 2 times (x 82B)
Class kotlin.enums.EnumEntriesKt                                                      : loaded 2 times (x 69B)
Class com.google.common.io.ByteArrayDataOutput                                        : loaded 2 times (x 68B)
Class org.jetbrains.kotlin.gradle.report.BuildReportMode$Companion                    : loaded 2 times (x 69B)
Class com.google.common.collect.ImmutableEntry                                        : loaded 2 times (x 80B)
Class com.google.common.collect.Lists$StringAsImmutableList                           : loaded 2 times (x 167B)
Class org.jetbrains.kotlin.gradle.plugin.KotlinTargetPreset                           : loaded 2 times (x 68B)
Class kotlin.text.StringsKt__AppendableKt                                             : loaded 2 times (x 69B)
Class org.jetbrains.kotlin.gradle.plugin.sources.DefaultLanguageSettingsBuilder       : loaded 2 times (x 98B)
Class org.jetbrains.kotlin.gradle.plugin.diagnostics.checkers.PreHmppDependenciesUsageChecker$runChecks$1: loaded 2 times (x 86B)
Class com.google.common.cache.LocalCache$StrongEntry                                  : loaded 2 times (x 106B)
Class org.jetbrains.kotlin.gradle.targets.metadata.KotlinMetadataTargetConfiguratorKt : loaded 2 times (x 69B)
Class com.google.common.collect.MapMakerInternalMap$InternalEntryHelper               : loaded 2 times (x 68B)
Class org.jetbrains.kotlin.tooling.core.ExtrasUtilsKt                                 : loaded 2 times (x 69B)
Class org.objectweb.asm.FieldWriter                                                   : loaded 2 times (x 76B)
Class kotlin.jvm.internal.CallableReference$NoReceiver                                : loaded 2 times (x 69B)
Class org.jetbrains.kotlin.gradle.plugin.KotlinPlatformType$DisambiguationRule        : loaded 2 times (x 74B)
Class com.google.common.base.CharMatcher                                              : loaded 2 times (x 109B)
Class com.google.common.io.CharSource$AsByteSource                                    : loaded 2 times (x 83B)
Class org.jetbrains.kotlin.konan.target.KonanTarget$Companion$predefinedTargets$2     : loaded 2 times (x 76B)
Class org.jetbrains.kotlin.gradle.plugin.mpp.compilationImpl.factory.DefaultKotlinCompilationTaskNamesContainerFactory: loaded 2 times (x 72B)
Class org.jetbrains.kotlin.gradle.targets.jvm.KotlinJvmTarget                         : loaded 2 times (x 170B)
Class org.jetbrains.kotlin.gradle.plugin.diagnostics.KotlinToolingDiagnostics$JsEnvironmentNotChosenExplicitly: loaded 2 times (x 71B)
Class [Lcom.google.common.collect.AbstractMapEntry;                                   : loaded 2 times (x 67B)
Class org.jetbrains.kotlin.gradle.plugin.mpp.compilationImpl.KotlinCreateResourcesTaskSideEffectKt: loaded 2 times (x 69B)
Class org.jetbrains.kotlin.statistics.fileloggers.MetricsContainer$MetricDescriptor   : loaded 2 times (x 73B)
Class org.jetbrains.kotlin.gradle.internal.KotlinTestDependencyManagementKt           : loaded 2 times (x 69B)
Class com.google.common.base.CharMatcher$IsNot                                        : loaded 2 times (x 109B)
Class org.jetbrains.kotlin.gradle.plugin.BuildFinishedListenerService                 : loaded 2 times (x 78B)
Class org.jetbrains.kotlin.compilerRunner.CompilerSystemPropertiesService             : loaded 2 times (x 78B)
Class com.google.common.collect.RegularImmutableSortedSet                             : loaded 2 times (x 233B)
Class org.jetbrains.kotlin.gradle.tasks.configuration.BaseKotlinCompileConfig$registerBuildToolsApiTransformations$1: loaded 2 times (x 73B)
Class com.google.common.collect.Maps$IteratorBasedAbstractMap                         : loaded 2 times (x 123B)
Class org.jetbrains.kotlin.gradle.tasks.configuration.BaseKotlinCompileConfig$registerBuildToolsApiTransformations$2: loaded 2 times (x 73B)
Class [Lorg.jetbrains.kotlin.gradle.plugin.KotlinSourceSet;                           : loaded 2 times (x 67B)
Class org.jetbrains.kotlin.tooling.core.Extras                                        : loaded 2 times (x 68B)
Class org.jetbrains.kotlin.gradle.plugin.KotlinCompilationOutput                      : loaded 2 times (x 68B)
Class com.google.common.collect.SetMultimap                                           : loaded 2 times (x 68B)
Class org.jetbrains.kotlin.gradle.internal.properties.PropertiesBuildService$property$1: loaded 2 times (x 77B)
Class org.jetbrains.kotlin.gradle.plugin.mpp.InternalKotlinTarget$DefaultImpls        : loaded 2 times (x 69B)
Class org.jetbrains.kotlin.gradle.internal.properties.PropertiesBuildService$property$2: loaded 2 times (x 77B)
Class org.jetbrains.kotlin.gradle.plugin.DefaultKotlinBasePlugin                      : loaded 2 times (x 80B)
Class org.jetbrains.kotlin.gradle.plugin.mpp.KotlinCompilationsKt$addSourcesToKotlinCompileTask$1: loaded 2 times (x 73B)
Class org.jetbrains.kotlin.buildtools.api.jvm.ClassSnapshotGranularity                : loaded 2 times (x 77B)
Class com.google.common.base.Splitter                                                 : loaded 2 times (x 70B)
Class org.jetbrains.kotlin.gradle.targets.native.KotilnNativeConfigureBinariesSideEffectKt$special$$inlined$KotlinTargetSideEffect$1: loaded 2 times (x 72B)
Class [Lcom.google.common.cache.Weigher;                                              : loaded 2 times (x 67B)
Class com.google.common.collect.Iterators$ArrayItr                                    : loaded 2 times (x 95B)
Class com.google.common.collect.MapMakerInternalMap$Strength                          : loaded 2 times (x 78B)
Class org.apache.commons.compress.archivers.zip.UnsupportedZipFeatureException        : loaded 2 times (x 82B)
Class org.jetbrains.kotlin.gradle.plugin.mpp.compilationImpl.factory.KotlinCompilationImplFactory$KotlinCompilationDependencyConfigurationsFactory: loaded 2 times (x 68B)
Class com.google.common.cache.LocalCache$Segment                                      : loaded 2 times (x 152B)
Class org.gradle.api.internal.DefaultClassPathProvider                                : loaded 2 times (x 74B)
Class org.jetbrains.kotlin.gradle.plugin.diagnostics.checkers.OverriddenKotlinNativeHomeChecker$StdlibExistenceCheckerValueSource: loaded 2 times (x 76B)
Class org.gradle.internal.installation.GradleInstallation$1                           : loaded 2 times (x 73B)
Class org.jetbrains.kotlin.gradle.plugin.diagnostics.checkers.WasmSourceSetsNotFoundChecker$wasmSourceSetRegex$2: loaded 2 times (x 76B)
Class org.jetbrains.kotlin.statistics.metrics.NumberAnonymizationPolicy$SAFE          : loaded 2 times (x 83B)
Class com.google.common.cache.LocalCache$AbstractReferenceEntry                       : loaded 2 times (x 105B)
Class build_2adxmoi1md0qlyzf9djenxfco                                                 : loaded 2 times (x 178B)
Class org.jetbrains.kotlin.gradle.internal.Kapt3KotlinGradleSubpluginKt               : loaded 2 times (x 69B)
Class org.jetbrains.kotlin.gradle.utils.CompletableFuture                             : loaded 2 times (x 68B)
Class org.jetbrains.kotlin.gradle.plugin.VariantImplementationFactoriesConfigurator$Inject: loaded 2 times (x 94B)
Class org.objectweb.asm.Type                                                          : loaded 2 times (x 70B)
Class org.jetbrains.kotlin.gradle.plugin.internal.ConfigurationCacheStartParameterAccessor$Factory: loaded 2 times (x 68B)
Class com.google.common.util.concurrent.AbstractFuture$Failure                        : loaded 2 times (x 70B)
Class org.jetbrains.kotlin.gradle.plugin.diagnostics.KotlinToolingDiagnosticsCollectorKt: loaded 2 times (x 69B)
Class org.jetbrains.kotlin.gradle.dsl.DefaultToolchainSupport_Decorated               : loaded 2 times (x 122B)
Class org.jetbrains.kotlin.gradle.plugin.statistics.NonSynchronizedMetricsContainer   : loaded 2 times (x 75B)
Class org.jetbrains.kotlin.gradle.targets.js.npm.NpmDependencyWithExternalsExtension  : loaded 2 times (x 68B)
Class org.jetbrains.kotlin.gradle.dsl.DefaultToolchainSupport$wireToolchainToTasks$1$1: loaded 2 times (x 73B)
Class org.jetbrains.kotlin.gradle.plugin.StatisticsBuildFlowManager                   : loaded 2 times (x 70B)
Class org.jetbrains.kotlin.gradle.plugin.statistics.BuildFusService                   : loaded 2 times (x 82B)
Class com.google.common.base.CharMatcher$BitSetMatcher                                : loaded 2 times (x 110B)
Class org.jetbrains.kotlin.gradle.plugin.mpp.compilationImpl.factory.KotlinCompilationImplFactory$KotlinCompilationOutputFactory: loaded 2 times (x 68B)
Class com.google.common.collect.ImmutableMap$IteratorBasedImmutableMap                : loaded 2 times (x 123B)
Class org.jetbrains.kotlin.gradle.plugin.diagnostics.checkers.ComposePluginSuggestApplyChecker: loaded 2 times (x 72B)
Class com.google.common.io.Files$FileByteSource                                       : loaded 2 times (x 83B)
Class org.jetbrains.kotlin.statistics.metrics.NumberOverridePolicy$SUM                : loaded 2 times (x 83B)
Class org.jetbrains.kotlin.statistics.metrics.BooleanAnonymizationPolicy              : loaded 2 times (x 83B)
Class com.google.common.collect.ImmutableMap                                          : loaded 2 times (x 118B)
Class org.apache.commons.compress.utils.MultiReadOnlySeekableByteChannel              : loaded 2 times (x 105B)
Class kotlin.jvm.internal.CallableReference                                           : loaded 2 times (x 104B)
Class org.jetbrains.kotlin.gradle.plugin.mpp.compilationImpl.KotlinCreateLifecycleTasksSideEffectKt: loaded 2 times (x 69B)
Class [Lorg.jetbrains.kotlin.statistics.ValueAnonymizer;                              : loaded 2 times (x 67B)
Class com.google.common.collect.AbstractMapBasedMultimap$Itr                          : loaded 2 times (x 81B)
Class org.jetbrains.kotlin.gradle.targets.js.npm.DevNpmDependencyExtension            : loaded 2 times (x 68B)
Class com.google.common.base.Converter                                                : loaded 2 times (x 88B)
Class org.jetbrains.kotlin.gradle.artifacts.KotlinLegacyMetadataArtifactKt$KotlinLegacyMetadataArtifact$1: loaded 2 times (x 72B)
Class com.google.common.collect.ImmutableSortedSetFauxverideShim                      : loaded 2 times (x 145B)
Class org.jetbrains.kotlin.gradle.plugin.mpp.AbstractKotlinCompilation                : loaded 2 times (x 189B)
Class org.jetbrains.kotlin.gradle.plugin.statistics.KotlinBuildStatsConfiguration$Companion: loaded 2 times (x 69B)
Class kotlin.Lazy                                                                     : loaded 2 times (x 68B)
Class org.jetbrains.kotlin.gradle.plugin.mpp.KotlinCompilationsKt$addSourcesToKotlinCompileTask$configureAction$2: loaded 2 times (x 77B)
Class com.google.common.collect.ImmutableSet$EmptySetBuilderImpl                      : loaded 2 times (x 74B)
Class kotlin.comparisons.ComparisonsKt                                                : loaded 2 times (x 69B)
Class org.jetbrains.kotlin.gradle.targets.KotlinTargetSideEffect                      : loaded 2 times (x 68B)
Class org.jetbrains.kotlin.gradle.dsl.KotlinTopLevelExtensionConfig                   : loaded 2 times (x 68B)
Class kotlin.io.FilesKt                                                               : loaded 2 times (x 69B)
Class kotlin.collections.CollectionsKt__CollectionsKt                                 : loaded 2 times (x 69B)
Class com.google.common.io.CharSource$ConcatenatedCharSource                          : loaded 2 times (x 84B)
Class org.jetbrains.kotlin.gradle.plugin.diagnostics.TransformActionUsingKotlinToolingDiagnostics: loaded 2 times (x 68B)
Class org.jetbrains.kotlin.build.report.metrics.BuildPerformanceMetrics               : loaded 2 times (x 70B)
Class [Lorg.jetbrains.kotlin.gradle.dsl.JvmTarget;                                    : loaded 2 times (x 67B)
Class org.jetbrains.kotlin.gradle.internal.properties.PropertiesBuildService$localProperties$2: loaded 2 times (x 77B)
Class kotlin.io.FileSystemException                                                   : loaded 2 times (x 80B)
Class org.jetbrains.kotlin.gradle.targets.metadata.KotlinMetadataTargetConfiguratorKt$metadataCompilationsCreated$2: loaded 2 times (x 76B)
Class com.google.common.base.Equivalence                                              : loaded 2 times (x 80B)
Class com.google.common.primitives.Ints                                               : loaded 2 times (x 69B)
Class com.google.common.cache.LocalCache$EntryFactory$1                               : loaded 2 times (x 81B)
Class com.google.gson.stream.JsonReader$1                                             : loaded 2 times (x 70B)
Class kotlin.collections.ArraysKt__ArraysKt                                           : loaded 2 times (x 69B)
Class org.jetbrains.kotlin.gradle.plugin.KotlinPluginWrapperKt$kotlinPluginVersionFromResources$1$1: loaded 2 times (x 69B)
Class com.google.common.cache.LocalCache$EntryFactory$2                               : loaded 2 times (x 81B)
Class com.google.common.collect.ImmutableSet$SerializedForm                           : loaded 2 times (x 71B)
Class com.google.common.cache.LocalCache$EntryFactory$3                               : loaded 2 times (x 81B)
Class org.jetbrains.kotlin.gradle.plugin.ProjectLocalConfigurations                   : loaded 2 times (x 69B)
Class com.google.common.cache.LocalCache$EntryFactory$4                               : loaded 2 times (x 81B)
Class org.jetbrains.kotlin.gradle.plugin.KotlinSourceSet$Companion                    : loaded 2 times (x 69B)
Class com.google.common.cache.LocalCache$EntryFactory$5                               : loaded 2 times (x 81B)
Class com.google.common.cache.LocalCache$EntryFactory$6                               : loaded 2 times (x 81B)
Class org.jetbrains.kotlin.gradle.tasks.DefaultKotlinJavaToolchain$getToolsJarFromJvm$1: loaded 2 times (x 73B)
Class com.google.common.cache.LocalCache$EntryFactory$7                               : loaded 2 times (x 81B)
Class org.jetbrains.kotlin.gradle.plugin.PropertiesProvider$PropertyNames             : loaded 2 times (x 69B)
Class com.google.common.cache.LocalCache$EntryFactory$8                               : loaded 2 times (x 81B)
Class kotlin.reflect.KDeclarationContainer                                            : loaded 2 times (x 68B)
Class org.apache.commons.compress.compressors.CompressorInputStream                   : loaded 2 times (x 95B)
Class org.jetbrains.kotlin.gradle.artifacts.KotlinTargetArtifact$Companion            : loaded 2 times (x 69B)
Class com.google.common.base.Predicate                                                : loaded 2 times (x 68B)
Class org.jetbrains.kotlin.utils.CollectionsKt                                        : loaded 2 times (x 69B)
Class org.jetbrains.kotlin.gradle.tasks.KotlinCompile                                 : loaded 2 times (x 496B)
Class org.jetbrains.kotlin.gradle.dsl.KotlinSingleJavaTargetExtension                 : loaded 2 times (x 122B)
Class kotlin.text.StringsKt                                                           : loaded 2 times (x 69B)
Class org.jetbrains.kotlin.gradle.plugin.mpp.compilationImpl.KotlinCompilationImpl    : loaded 2 times (x 138B)
Class com.google.common.cache.LocalCache$StrongValueReference                         : loaded 2 times (x 88B)
Class org.apache.commons.compress.utils.BoundedArchiveInputStream                     : loaded 2 times (x 91B)
Class org.gradle.internal.classloader.FilteringClassLoader                            : loaded 2 times (x 103B)
Class com.google.common.collect.AbstractMapBasedMultimap$WrappedCollection            : loaded 2 times (x 122B)
Class org.jetbrains.kotlin.gradle.plugin.mpp.KotlinTargetSoftwareComponentImplKt$KotlinTargetSoftwareComponent$1: loaded 2 times (x 93B)
Class org.jetbrains.kotlin.gradle.report.GradleBuildMetricsReporter                   : loaded 2 times (x 96B)
Class org.jetbrains.kotlin.gradle.plugin.mpp.KotlinTargetComponentWithPublication     : loaded 2 times (x 68B)
Class org.jetbrains.kotlin.gradle.plugin.internal.DefaultProjectIsolationStartParameterAccessor: loaded 2 times (x 75B)
Class com.google.common.collect.RegularImmutableSet                                   : loaded 2 times (x 146B)
Class [Lorg.apache.commons.compress.archivers.zip.ZipArchiveEntry$ExtraFieldParsingMode;: loaded 2 times (x 67B)
Class org.jetbrains.kotlin.gradle.plugin.internal.BuildIdService                      : loaded 2 times (x 74B)
Class org.jetbrains.kotlin.gradle.internal.properties.PropertiesBuildService$GradleProperty: loaded 2 times (x 68B)
Class com.google.common.collect.ComparisonChain$InactiveComparisonChain               : loaded 2 times (x 78B)
Class org.jetbrains.kotlin.gradle.utils.GradleUtilsKt$registerClassLoaderScopedBuildService$1: loaded 2 times (x 72B)
Class kotlin.collections.CollectionsKt__IterablesKt                                   : loaded 2 times (x 69B)
Class [Lorg.jetbrains.kotlin.gradle.report.BuildReportMode;                           : loaded 2 times (x 67B)
Class kotlin.reflect.KCallable                                                        : loaded 2 times (x 68B)
Class org.jetbrains.kotlin.incremental.ClasspathChanges                               : loaded 2 times (x 69B)
Class org.jetbrains.kotlin.gradle.plugin.KotlinTarget$DefaultImpls                    : loaded 2 times (x 69B)
Class [Lcom.google.common.cache.LocalCache$Strength;                                  : loaded 2 times (x 67B)
Class org.gradle.internal.classpath.DefaultClassPath$ImmutableUniqueList$Builder      : loaded 2 times (x 73B)
Class com.google.common.collect.AbstractRangeSet                                      : loaded 2 times (x 112B)
Class org.jetbrains.kotlin.gradle.tasks.configuration.AbstractKotlinCompileConfig$2$2$1: loaded 2 times (x 73B)
Class com.google.common.collect.ExplicitOrdering                                      : loaded 2 times (x 113B)
Class org.jetbrains.kotlin.gradle.model.builder.KotlinModelBuilder                    : loaded 2 times (x 74B)
Class [Lorg.jetbrains.kotlin.gradle.plugin.KotlinCompilation;                         : loaded 2 times (x 67B)
Class org.jetbrains.kotlin.gradle.plugin.mpp.resources.resolve.KotlinTargetResourcesResolutionStrategy: loaded 2 times (x 77B)
Class kotlin.UninitializedPropertyAccessException                                     : loaded 2 times (x 80B)
Class com.google.common.collect.SortedSetMultimap                                     : loaded 2 times (x 68B)
Class org.jetbrains.kotlin.gradle.plugin.KotlinGradleBuildServices$Parameters         : loaded 2 times (x 68B)
Class com.google.common.collect.Maps$8                                                : loaded 2 times (x 80B)
Class org.jetbrains.kotlin.gradle.plugin.PropertiesProvider$Companion                 : loaded 2 times (x 69B)
Class org.jetbrains.kotlin.gradle.plugin.KotlinGradleBuildServices$Companion          : loaded 2 times (x 69B)
Class org.jetbrains.kotlin.gradle.utils.ReportUtilsKt                                 : loaded 2 times (x 69B)
Class org.jetbrains.kotlin.gradle.logging.GradleLoggingUtilsKt                        : loaded 2 times (x 69B)
Class [Lcom.google.common.cache.CacheBuilder$NullListener;                            : loaded 2 times (x 67B)
Class com.google.common.base.PatternCompiler                                          : loaded 2 times (x 68B)
Class com.google.common.io.CharStreams$NullWriter                                     : loaded 2 times (x 97B)
Class com.google.common.collect.ElementTypesAreNonnullByDefault                       : loaded 2 times (x 68B)
Class com.google.common.base.CharMatcher$InRange                                      : loaded 2 times (x 109B)
Class org.jetbrains.kotlin.gradle.tasks.AbstractKotlinCompile$friendPathsSet$1        : loaded 2 times (x 73B)
Class com.google.common.collect.HashMultimap                                          : loaded 2 times (x 172B)
Class org.apache.commons.compress.archivers.zip.X000A_NTFS                            : loaded 2 times (x 98B)
Class com.google.common.collect.Maps$KeySet                                           : loaded 2 times (x 135B)
Class org.jetbrains.kotlin.gradle.plugin.diagnostics.ToolingDiagnostic$Severity       : loaded 2 times (x 77B)
Class com.google.common.collect.ImmutableMultimap$EntryCollection                     : loaded 2 times (x 125B)
Class org.jetbrains.kotlin.statistics.metrics.IMetricContainer                        : loaded 2 times (x 68B)
Class com.google.common.collect.Sets$SetView                                          : loaded 2 times (x 136B)
Class org.objectweb.asm.TypePath                                                      : loaded 2 times (x 70B)
Class org.jetbrains.kotlin.statistics.metrics.BooleanOverridePolicy$OVERRIDE          : loaded 2 times (x 83B)
Class org.jetbrains.kotlin.gradle.plugin.mpp.compilationImpl.factory.KotlinCompilationImplFactory$create$1: loaded 2 times (x 73B)
Class org.jetbrains.kotlin.statistics.metrics.StringOverridePolicy$OVERRIDE           : loaded 2 times (x 83B)
Class com.google.common.collect.BiMap                                                 : loaded 2 times (x 68B)
Class com.google.common.collect.Lists                                                 : loaded 2 times (x 69B)
Class org.jetbrains.kotlin.gradle.plugin.KotlinAndroidPluginWrapper                   : loaded 2 times (x 84B)
Class org.jetbrains.kotlin.gradle.internal.StdlibDependencyManagementKt$configureStdlibVersionAlignment$1$1: loaded 2 times (x 73B)
Class org.objectweb.asm.AnnotationWriter                                              : loaded 2 times (x 77B)
Class org.jetbrains.kotlin.gradle.plugin.diagnostics.checkers.OverriddenKotlinNativeHomeChecker$StdlibExistenceCheckerValueSource$Params$Inject: loaded 2 times (x 104B)
Class com.google.common.math.IntMath$1                                                : loaded 2 times (x 69B)
Class org.jetbrains.kotlin.gradle.plugin.DefaultKotlinBasePlugin$addKotlinCompilerConfiguration$2$1$1: loaded 2 times (x 73B)
Class org.jetbrains.kotlin.gradle.plugin.diagnostics.checkers.InternalGradlePropertiesUsageChecker: loaded 2 times (x 72B)
Class org.jetbrains.kotlin.statistics.metrics.StringOverridePolicy                    : loaded 2 times (x 83B)
Class org.gradle.internal.classloader.ClassLoaderVisitor                              : loaded 2 times (x 74B)
Class [Lorg.jetbrains.kotlin.tooling.core.HasMutableExtras;                           : loaded 2 times (x 67B)
Class org.jetbrains.kotlin.gradle.dsl.PlatformSourceSetConventionsChecker$nativeTargetPresets$1$1: loaded 2 times (x 77B)
Class org.apache.commons.compress.compressors.bzip2.BZip2CompressorInputStream        : loaded 2 times (x 101B)
Class [Lcom.google.common.collect.HashBiMap$BiEntry;                                  : loaded 2 times (x 67B)
Class org.jetbrains.kotlin.gradle.plugin.BuildEventsListenerRegistryHolder_Decorated  : loaded 2 times (x 117B)
Class org.jetbrains.kotlin.daemon.common.MultiModuleICSettings                        : loaded 2 times (x 70B)
Class org.jetbrains.kotlin.gradle.plugin.statistics.DefaultKotlinBuildStatsBeanService: loaded 2 times (x 90B)
Class org.objectweb.asm.Label                                                         : loaded 2 times (x 71B)
Class org.jetbrains.kotlin.gradle.plugin.diagnostics.CheckKotlinGradlePluginConfigurationErrors: loaded 2 times (x 315B)
Class org.jetbrains.kotlin.gradle.plugin.KotlinPluginLifecycleKt$await$1              : loaded 2 times (x 86B)
Class org.jetbrains.kotlin.gradle.artifacts.KotlinJvmJarArtifactKt                    : loaded 2 times (x 69B)
Class com.google.common.cache.CacheBuilder$NullListener                               : loaded 2 times (x 80B)
Class org.jetbrains.kotlin.gradle.tasks.DefaultKotlinJavaToolchain$javaVersion$1      : loaded 2 times (x 72B)
Class org.jetbrains.kotlin.gradle.tasks.DefaultKotlinJavaToolchain                    : loaded 2 times (x 75B)
Class org.jetbrains.kotlin.gradle.plugin.KotlinPluginLifecycleImpl$executeCurrentStageAndScheduleNext$3: loaded 2 times (x 73B)
Class org.jetbrains.kotlin.tooling.core.Extras$Type$Companion                         : loaded 2 times (x 69B)
Class org.jetbrains.kotlin.gradle.plugin.KotlinPluginLifecycleImpl$start$3            : loaded 2 times (x 77B)
Class org.jetbrains.kotlin.gradle.internal.properties.NativePropertiesLoader$downloadFromMaven$1: loaded 2 times (x 73B)
Class com.google.common.collect.ImmutableMultimap                                     : loaded 2 times (x 145B)
Class org.jetbrains.kotlin.gradle.plugin.statistics.KotlinBuildStatsLoggerService$initSessionLogger$1: loaded 2 times (x 77B)
Class org.jetbrains.kotlin.gradle.plugin.KotlinPluginLifecycle$ProjectConfigurationResult: loaded 2 times (x 69B)
Class org.jetbrains.kotlin.gradle.plugin.internal.CompatibilityConventionRegistrarKt  : loaded 2 times (x 69B)
Class com.google.common.math.MathPreconditions                                        : loaded 2 times (x 69B)
Class org.jetbrains.kotlin.gradle.internal.ClassLoadersCachingBuildService            : loaded 2 times (x 74B)
Class com.google.common.io.ByteStreams$1                                              : loaded 2 times (x 83B)
Class [Lorg.jetbrains.kotlin.konan.target.Family;                                     : loaded 2 times (x 67B)
Class build_h6nhh36zbig4u3czbdfc75ci$_run_closure1$_closure3                          : loaded 2 times (x 137B)
Class org.jetbrains.kotlin.gradle.tasks.AbstractKotlinCompile$compilerRunner$1        : loaded 2 times (x 73B)
Class org.jetbrains.kotlin.gradle.plugin.mpp.compilationImpl.KotlinCompilationSourceSetInclusion: loaded 2 times (x 70B)
Class org.jetbrains.kotlin.gradle.targets.native.ConfigureFrameworkExportSideEffectKt : loaded 2 times (x 69B)
Class kotlin.text.StringsKt__RegexExtensionsKt                                        : loaded 2 times (x 69B)
Class org.jetbrains.kotlin.gradle.tasks.configuration.BaseKotlinCompileConfig$1$classpathConfiguration$1: loaded 2 times (x 73B)
Class org.jetbrains.kotlin.gradle.plugin.KotlinPluginLifecycle$IllegalLifecycleException: loaded 2 times (x 80B)
Class org.jetbrains.kotlin.gradle.plugin.diagnostics.ToolingDiagnostic                : loaded 2 times (x 70B)
Class org.jetbrains.kotlin.gradle.plugin.sources.DefaultKotlinSourceSetFactory        : loaded 2 times (x 78B)
Class org.jetbrains.kotlin.gradle.plugin.KotlinCompilationInfo                        : loaded 2 times (x 86B)
Class org.jetbrains.kotlin.tooling.core.Extras$Entry                                  : loaded 2 times (x 70B)
Class org.jetbrains.kotlin.gradle.internal.ClassLoadersCachingBuildService$Companion  : loaded 2 times (x 69B)
Class org.jetbrains.kotlin.konan.target.HostManager$Companion                         : loaded 2 times (x 69B)
Class org.apache.commons.compress.archivers.zip.UnicodeCommentExtraField              : loaded 2 times (x 91B)
Class org.jetbrains.kotlin.buildtools.api.SourcesChanges                              : loaded 2 times (x 68B)
Class org.apache.commons.compress.archivers.zip.ZipLong                               : loaded 2 times (x 69B)
Class org.gradle.internal.service.DefaultServiceLocator                               : loaded 2 times (x 81B)
Class org.jetbrains.kotlin.gradle.report.UsesBuildMetricsService                      : loaded 2 times (x 68B)
Class kotlin.text.StringsKt__StringBuilderJVMKt                                       : loaded 2 times (x 69B)
Class org.gradle.internal.service.UnknownServiceException                             : loaded 2 times (x 81B)
Class org.jetbrains.kotlin.gradle.plugin.mpp.InternalKotlinTargetKt                   : loaded 2 times (x 69B)
Class org.jetbrains.kotlin.gradle.plugin.mpp.compilationImpl.DefaultKotlinCompilationConfigurationsContainer: loaded 2 times (x 83B)
Class kotlin.collections.SetsKt___SetsKt                                              : loaded 2 times (x 69B)
Class org.jetbrains.kotlin.gradle.tasks.DefaultKotlinJavaToolchain_Decorated          : loaded 2 times (x 124B)
Class org.jetbrains.kotlin.gradle.tasks.CInteropProcess                               : loaded 2 times (x 345B)
Class org.jetbrains.kotlin.gradle.plugin.mpp.KotlinWithJavaTarget                     : loaded 2 times (x 164B)
Class org.jetbrains.kotlin.gradle.internal.properties.NativePropertiesLoader$isUseXcodeMessageStyleEnabled$1: loaded 2 times (x 73B)
Class com.google.common.util.concurrent.AbstractFuture$SynchronizedHelper             : loaded 2 times (x 76B)
Class com.google.common.collect.ArrayListMultimap                                     : loaded 2 times (x 170B)
Class org.jetbrains.kotlin.gradle.targets.native.internal.AddKotlinPlatformIntegersSupportLibraryKt$AddKotlinPlatformIntegersSupportLibrary$1: loaded 2 times (x 93B)
Class org.jetbrains.kotlin.gradle.dsl.ExplicitApiMode                                 : loaded 2 times (x 77B)
Class org.jetbrains.kotlin.build.report.metrics.DoNothingBuildMetricsReporter         : loaded 2 times (x 84B)
Class org.jetbrains.kotlin.gradle.tasks.DefaultKotlinJavaToolchain$getToolsJarFromJvm$1$1: loaded 2 times (x 77B)
Class kotlin.text.StringsKt__StringsJVMKt                                             : loaded 2 times (x 69B)
Class [Lorg.jetbrains.kotlin.konan.target.KonanTarget;                                : loaded 2 times (x 67B)
Class org.jetbrains.kotlin.gradle.utils.ConfigurationsKt                              : loaded 2 times (x 69B)
Class com.google.common.base.Strings                                                  : loaded 2 times (x 69B)
Class [Lorg.apache.commons.compress.archivers.EntryStreamOffsets;                     : loaded 2 times (x 67B)
Class org.jetbrains.kotlin.gradle.dsl.KotlinTargetContainerWithWasmPresetFunctions    : loaded 2 times (x 68B)
Class org.jetbrains.kotlin.konan.target.KonanTarget$MINGW_X64                         : loaded 2 times (x 76B)
Class org.jetbrains.kotlin.gradle.targets.NativeForwardImplementationToApiElementsSideEffectKt$special$$inlined$KotlinTargetSideEffect$1: loaded 2 times (x 72B)
Class [Lorg.jetbrains.kotlin.statistics.metrics.BooleanMetrics;                       : loaded 2 times (x 67B)
Class org.jetbrains.kotlin.incremental.IncrementalCompilationFeatures                 : loaded 2 times (x 69B)
Class com.google.common.collect.HashMultimapGwtSerializationDependencies              : loaded 2 times (x 172B)
Class org.jetbrains.kotlin.compilerRunner.CompilerSystemPropertiesService$Parameters_Decorated: loaded 2 times (x 132B)
Class org.jetbrains.kotlin.gradle.internal.tasks.TaskWithLocalState                   : loaded 2 times (x 68B)
Class com.google.common.io.Closer                                                     : loaded 2 times (x 76B)
Class org.jetbrains.kotlin.gradle.plugin.mpp.HierarchyAttributeContainer$1            : loaded 2 times (x 76B)
Class org.jetbrains.kotlin.gradle.plugin.diagnostics.checkers.AndroidSourceSetLayoutV1SourceSetsNotFoundChecker$androidSourceSetRegex$2: loaded 2 times (x 76B)
Class com.google.common.cache.LocalCache$Values                                       : loaded 2 times (x 116B)
Class org.jetbrains.kotlin.gradle.internal.KotlinDependenciesManagementKt$configureDefaultVersionsResolutionStrategy$1$1: loaded 2 times (x 73B)
Class org.jetbrains.kotlin.gradle.internal.Kapt3GradleSubplugin                       : loaded 2 times (x 81B)
Class com.google.common.cache.CacheLoader$InvalidCacheLoadException                   : loaded 2 times (x 80B)
Class org.jetbrains.kotlin.gradle.plugin.KotlinPluginLifecycleCoroutineContextElement$Key: loaded 2 times (x 69B)
Class org.gradle.internal.classloader.DefaultClassLoaderFactory                       : loaded 2 times (x 80B)
Class com.google.common.collect.Maps$IteratorBasedAbstractMap$1                       : loaded 2 times (x 136B)
Class com.google.common.collect.UnmodifiableIterator                                  : loaded 2 times (x 78B)
Class org.jetbrains.kotlin.gradle.plugin.mpp.compilationImpl.CreateCInteropTasksSideEffectKt$special$$inlined$KotlinCompilationSideEffect$1: loaded 2 times (x 72B)
Class org.jetbrains.kotlin.gradle.dsl.KotlinTargetContainerWithJsPresetFunctions      : loaded 2 times (x 68B)
Class org.jetbrains.kotlin.gradle.internal.properties.PropertiesBuildService$Params$Inject: loaded 2 times (x 104B)
Class com.google.common.base.Stopwatch                                                : loaded 2 times (x 70B)
Class org.jetbrains.kotlin.konan.target.KonanTarget$LINUX_ARM32_HFP                   : loaded 2 times (x 76B)
Class com.google.common.base.Platform$JdkPatternCompiler                              : loaded 2 times (x 73B)
Class com.google.common.collect.Interners$InternerImpl                                : loaded 2 times (x 73B)
Class com.google.common.collect.Table                                                 : loaded 2 times (x 68B)
Class kotlin.collections.CollectionsKt__MutableCollectionsKt                          : loaded 2 times (x 69B)
Class org.jetbrains.kotlin.statistics.metrics.StatisticsValuesConsumer$DefaultImpls   : loaded 2 times (x 69B)
Class com.google.common.cache.LocalCache$LoadingValueReference                        : loaded 2 times (x 94B)
Class org.jetbrains.kotlin.gradle.utils.StringUtilsKt$lowerCamelCaseName$1            : loaded 2 times (x 123B)
Class org.jetbrains.kotlin.gradle.tasks.CompilerPluginOptions                         : loaded 2 times (x 70B)
Class Native_plugin_loader_gradle$NativePluginLoader                                  : loaded 2 times (x 70B)
Class org.jetbrains.kotlin.build.report.metrics.BuildTimes                            : loaded 2 times (x 70B)
Class org.jetbrains.kotlin.build.report.metrics.BuildAttributes$Companion             : loaded 2 times (x 69B)
Class org.jetbrains.kotlin.compilerRunner.UsesCompilerSystemPropertiesService         : loaded 2 times (x 68B)
Class org.jetbrains.kotlin.gradle.plugin.mpp.AbstractKotlinTarget                     : loaded 2 times (x 154B)
Class com.google.common.base.CharMatcher$SingleWidth                                  : loaded 2 times (x 110B)
Class org.jetbrains.kotlin.gradle.plugin.mpp.compilationImpl.KotlinCreateCompilationArchiveTaskKt: loaded 2 times (x 69B)
Class com.google.common.collect.Hashing                                               : loaded 2 times (x 69B)
Class com.google.common.io.ByteStreams$LimitedInputStream                             : loaded 2 times (x 90B)
Class com.google.common.collect.NullsFirstOrdering                                    : loaded 2 times (x 113B)
Class org.jetbrains.kotlin.gradle.plugin.mpp.InternalKotlinTargetComponentKt          : loaded 2 times (x 69B)
Class com.google.common.collect.MapMakerInternalMap$AbstractStrongKeyEntry            : loaded 2 times (x 78B)
Class org.jetbrains.kotlin.gradle.tasks.UsesKotlinJavaToolchain$DefaultImpls          : loaded 2 times (x 69B)
Class com.google.common.collect.ImmutableRangeSet$ComplementRanges                    : loaded 2 times (x 167B)
Class build_h6nhh36zbig4u3czbdfc75ci$_run_closure1                                    : loaded 2 times (x 137B)
Class org.objectweb.asm.Context                                                       : loaded 2 times (x 70B)
Class org.jetbrains.kotlin.gradle.plugin.diagnostics.UsesKotlinToolingDiagnosticsKt   : loaded 2 times (x 69B)
Class org.jetbrains.kotlin.gradle.plugin.diagnostics.checkers.InternalGradlePropertiesUsageChecker$runChecks$1: loaded 2 times (x 86B)
Class org.jetbrains.kotlin.gradle.targets.native.toolchain.KotlinNativeBundleBuildService$Parameters: loaded 2 times (x 68B)
Class org.apache.commons.compress.archivers.zip.ZipMethod                             : loaded 2 times (x 77B)
Class org.jetbrains.kotlin.gradle.utils.ConfigurationsKt$sam$org_gradle_api_Action$0  : loaded 2 times (x 73B)
Class org.jetbrains.kotlin.statistics.metrics.StringAnonymizationPolicy               : loaded 2 times (x 76B)
Class org.objectweb.asm.TypeReference                                                 : loaded 2 times (x 78B)
Class kotlin.collections.CollectionsKt__ReversedViewsKt                               : loaded 2 times (x 69B)
Class com.google.common.collect.NaturalOrdering                                       : loaded 2 times (x 113B)
Class org.jetbrains.kotlin.gradle.dsl.PlatformSourceSetConventionsChecker$CheckedPlatformInfo: loaded 2 times (x 70B)
Class org.jetbrains.kotlin.gradle.plugin.KotlinPluginLifecycleKt                      : loaded 2 times (x 69B)
Class com.google.common.base.JdkPattern                                               : loaded 2 times (x 73B)
Class com.google.common.base.Optional                                                 : loaded 2 times (x 78B)
Class org.jetbrains.kotlin.gradle.plugin.PropertiesProvider$kotlinCompilerArgumentsLogLevel$1: loaded 2 times (x 72B)
Class [Lorg.jetbrains.kotlin.build.report.metrics.BuildAttribute;                     : loaded 2 times (x 67B)
Class com.google.common.collect.ByFunctionOrdering                                    : loaded 2 times (x 113B)
Class com.google.common.collect.Multimap                                              : loaded 2 times (x 68B)
Class build_2ny9b0fbbarvl1jz89uyg3ozj$_run_closure1                                   : loaded 2 times (x 137B)
Class org.jetbrains.kotlin.gradle.plugin.internal.CompatibilityConventionRegistrar$Factory: loaded 2 times (x 68B)
Class org.jetbrains.kotlin.gradle.plugin.statistics.old.Pre232IdeaKotlinBuildStatsMXBean: loaded 2 times (x 68B)
Class build_ec27alt9gfcheqirssdctbmu8                                                 : loaded 2 times (x 178B)
Class org.jetbrains.kotlin.gradle.plugin.KotlinPluginLifecycle$ProjectConfigurationResult$Success: loaded 2 times (x 69B)
Class org.jetbrains.kotlin.gradle.internal.properties.PropertiesBuildService$MemoizedCallable: loaded 2 times (x 73B)
Class org.jetbrains.kotlin.gradle.utils.StoredLazyProperty$getValue$1                 : loaded 2 times (x 77B)
Class org.jetbrains.kotlin.gradle.plugin.statistics.UsesBuildFusService               : loaded 2 times (x 68B)
Class com.google.common.base.FunctionalEquivalence                                    : loaded 2 times (x 81B)
Class org.objectweb.asm.AnnotationVisitor                                             : loaded 2 times (x 76B)
Class org.objectweb.asm.RecordComponentWriter                                         : loaded 2 times (x 76B)
Class org.jetbrains.kotlin.gradle.tasks.configuration.BaseKotlinCompileConfig$2$1     : loaded 2 times (x 73B)
Class [Lorg.jetbrains.kotlin.statistics.metrics.NumberAnonymizationPolicy;            : loaded 2 times (x 67B)
Class org.jetbrains.kotlin.gradle.utils.SingleAction$PerformedActions                 : loaded 2 times (x 70B)
Class org.jetbrains.kotlin.gradle.tasks.configuration.AbstractKotlinCompileConfig$1   : loaded 2 times (x 77B)
Class org.jetbrains.kotlin.gradle.plugin.KotlinCompilation$Companion                  : loaded 2 times (x 69B)
Class com.google.common.cache.LocalCache$1                                            : loaded 2 times (x 87B)
Class org.jetbrains.kotlin.gradle.plugin.mpp.ApplyUserDefinedAttributesKt$UserDefinedAttributesSetupAction$1$1: loaded 2 times (x 77B)
Class org.jetbrains.kotlin.gradle.tasks.configuration.AbstractKotlinCompileConfig$2   : loaded 2 times (x 77B)
Class com.google.common.cache.LocalCache$2                                            : loaded 2 times (x 140B)
Class org.jetbrains.kotlin.statistics.fileloggers.MetricsContainer$Companion          : loaded 2 times (x 69B)
Class org.jetbrains.kotlin.compilerRunner.CompilerSystemPropertiesService$Parameters  : loaded 2 times (x 68B)
Class org.jetbrains.kotlin.konan.target.Architecture                                  : loaded 2 times (x 77B)
Class Native_plugin_loader_gradle                                                     : loaded 2 times (x 128B)
Class org.jetbrains.kotlin.gradle.plugin.KotlinPluginLifecycleKt$launchInStage$1      : loaded 2 times (x 93B)
Class com.google.common.collect.RegularImmutableBiMap                                 : loaded 2 times (x 146B)
Class org.jetbrains.kotlin.gradle.targets.js.npm.SemVer$Companion                     : loaded 2 times (x 69B)
Class kotlin.sequences.SequencesKt__SequenceBuilderKt                                 : loaded 2 times (x 69B)
Class org.jetbrains.kotlin.gradle.internal.properties.PropertiesBuildService$NullableStringGradleProperty: loaded 2 times (x 74B)
Class org.jetbrains.kotlin.konan.target.KonanTarget$MACOS_X64                         : loaded 2 times (x 76B)
Class org.jetbrains.kotlin.gradle.plugin.mpp.KotlinUsages                             : loaded 2 times (x 69B)
Class org.jetbrains.kotlin.gradle.internal.ClassLoadersCachingBuildService$Companion$registerIfAbsent$1$1$1: loaded 2 times (x 73B)
Class org.jetbrains.kotlin.gradle.plugin.mpp.compilationImpl.KotlinCompilationSourceSetInclusion$Companion: loaded 2 times (x 69B)
Class org.jetbrains.kotlin.gradle.plugin.KotlinMultiplatformPluginWrapper             : loaded 2 times (x 84B)
Class org.jetbrains.kotlin.gradle.plugin.mpp.KotlinUsages$KotlinJavaRuntimeJarsCompatibility: loaded 2 times (x 74B)
Class kotlin.text.StringsKt__StringNumberConversionsKt                                : loaded 2 times (x 69B)
Class org.jetbrains.kotlin.gradle.targets.js.dsl.KotlinJsSubTargetContainerDsl        : loaded 2 times (x 68B)
Class org.jetbrains.kotlin.gradle.dsl.KotlinJvmCompilerOptionsDefault                 : loaded 2 times (x 104B)
Class org.gradle.internal.classloader.VisitableURLClassLoader$Spec                    : loaded 2 times (x 72B)
Class org.jetbrains.kotlin.gradle.dsl.KotlinJvmCompile$DefaultImpls                   : loaded 2 times (x 69B)
Class org.jetbrains.kotlin.statistics.metrics.IMetricContainerFactory                 : loaded 2 times (x 68B)
Class org.gradle.api.GradleException                                                  : loaded 2 times (x 80B)
Class org.jetbrains.kotlin.statistics.metrics.BooleanAnonymizationPolicy$SAFE         : loaded 2 times (x 83B)
Class com.google.common.base.CharMatcher$JavaLetterOrDigit                            : loaded 2 times (x 109B)
Class org.gradle.api.internal.classpath.ModuleRegistry                                : loaded 2 times (x 68B)
Class com.google.common.collect.ForwardingObject                                      : loaded 2 times (x 70B)
Class org.jetbrains.kotlin.gradle.plugin.cocoapods.KotlinCocoapodsPlugin$Companion    : loaded 2 times (x 69B)
Class org.jetbrains.kotlin.gradle.plugin.statistics.BuildFusService$Companion$registerIfAbsent$1$1: loaded 2 times (x 77B)
Class com.google.common.collect.CompoundOrdering                                      : loaded 2 times (x 113B)
Class org.jetbrains.kotlin.gradle.plugin.diagnostics.checkers.WasmJsEnvironmentChecker: loaded 2 times (x 74B)
Class org.jetbrains.kotlin.statistics.metrics.NumericalMetrics$Companion              : loaded 2 times (x 69B)
Class org.jetbrains.kotlin.gradle.plugin.mpp.MppSourcesJarKt$sourcesJarTask$1         : loaded 2 times (x 93B)
Class com.google.common.cache.CacheBuilder                                            : loaded 2 times (x 70B)
Class org.objectweb.asm.ByteVector                                                    : loaded 2 times (x 77B)
Class com.google.common.collect.ImmutableCollection                                   : loaded 2 times (x 123B)
Class kotlin.collections.ArrayAsCollection                                            : loaded 2 times (x 103B)
Class org.jetbrains.kotlin.gradle.plugin.PropertiesProvider                           : loaded 2 times (x 70B)
Class org.jetbrains.kotlin.gradle.plugin.mpp.DefaultKotlinUsageContext$PublishOnlyIf  : loaded 2 times (x 68B)
Class org.jetbrains.kotlin.gradle.targets.js.npm.NpmDependencyExtensionKt$AddNpmDependencyExtensionProjectSetupAction$1$WhenMappings: loaded 2 times (x 69B)
Class org.jetbrains.kotlin.gradle.plugin.diagnostics.checkers.UnusedSourceSetsChecker : loaded 2 times (x 72B)
Class org.jetbrains.kotlin.gradle.utils.FileUtilsKt                                   : loaded 2 times (x 69B)
Class org.jetbrains.kotlin.gradle.tasks.configuration.KaptGenerateStubsConfig$Companion$wireJavaAndKotlinOutputs$1: loaded 2 times (x 77B)
Class org.jetbrains.kotlin.gradle.report.BuildReportType$Companion                    : loaded 2 times (x 69B)
Class org.jetbrains.kotlin.gradle.plugin.diagnostics.TransformActionUsingKotlinToolingDiagnostics$Parameters: loaded 2 times (x 68B)
Class com.google.common.collect.ImmutableRangeSet                                     : loaded 2 times (x 113B)
Class org.jetbrains.kotlin.gradle.plugin.ProjectLocalConfigurations$setupAttributesMatchingStrategy$1$1: loaded 2 times (x 72B)
Class org.jetbrains.kotlin.gradle.plugin.diagnostics.KotlinToolingDiagnosticsCollector: loaded 2 times (x 74B)
Class org.jetbrains.kotlin.tooling.core.MutableExtrasImpl                             : loaded 2 times (x 163B)
Class org.jetbrains.kotlin.gradle.plugin.mpp.compilationImpl.DefaultKotlinCompilationFriendPathsResolver: loaded 2 times (x 73B)
Class kotlin.jvm.internal.markers.KMappedMarker                                       : loaded 2 times (x 68B)
Class org.jetbrains.kotlin.gradle.tasks.KotlinCompile$ScriptFilterSpec                : loaded 2 times (x 73B)
Class org.jetbrains.kotlin.gradle.targets.js.npm.DefaultPeerNpmDependencyExtension    : loaded 2 times (x 139B)
Class org.jetbrains.kotlin.gradle.dsl.KotlinGradlePluginPublicDsl                     : loaded 2 times (x 68B)
Class com.google.common.base.PairwiseEquivalence                                      : loaded 2 times (x 81B)
Class com.google.common.base.Ticker                                                   : loaded 2 times (x 70B)
Class org.jetbrains.kotlin.gradle.plugin.KotlinJsCompilerTypeHolder                   : loaded 2 times (x 68B)
Class org.gradle.api.internal.ClassPathProvider                                       : loaded 2 times (x 68B)
Class com.google.common.base.Ascii                                                    : loaded 2 times (x 69B)
Class com.google.common.collect.RegularImmutableMap$Values                            : loaded 2 times (x 167B)
Class org.apache.commons.compress.archivers.zip.X0017_StrongEncryptionHeader          : loaded 2 times (x 94B)
Class org.jetbrains.kotlin.gradle.plugin.KotlinPluginLifecycle$Stage                  : loaded 2 times (x 77B)
Class org.jetbrains.kotlin.tooling.core.MutableExtrasImpl$Companion                   : loaded 2 times (x 69B)
Class org.jetbrains.kotlin.gradle.utils.StoredProperty                                : loaded 2 times (x 68B)
Class org.jetbrains.kotlin.gradle.plugin.diagnostics.checkers.OverriddenKotlinNativeHomeChecker$StdlibExistenceCheckerValueSource$Params_Decorated: loaded 2 times (x 132B)
Class org.jetbrains.kotlin.gradle.plugin.mpp.compilationImpl.KotlinCompilationTaskNamesContainer: loaded 2 times (x 70B)
Class org.objectweb.asm.ModuleWriter                                                  : loaded 2 times (x 80B)
Class org.gradle.internal.classloader.ClasspathUtil$1                                 : loaded 2 times (x 74B)
Class org.jetbrains.kotlin.konan.target.KonanTarget$IOS_SIMULATOR_ARM64               : loaded 2 times (x 76B)
Class com.google.common.io.ByteSource$AsCharSource                                    : loaded 2 times (x 84B)
Class org.jetbrains.kotlin.gradle.tasks.CacheableTasksKt                              : loaded 2 times (x 69B)
Class org.jetbrains.kotlin.gradle.plugin.mpp.compilationImpl.factory.KotlinCompilationImplFactory$ProcessResourcesTaskNameFactory: loaded 2 times (x 68B)
Class org.jetbrains.kotlin.gradle.plugin.KotlinPluginLifecycle                        : loaded 2 times (x 68B)
Class org.jetbrains.kotlin.gradle.plugin.diagnostics.KotlinToolingDiagnostics$WasmWasiEnvironmentNotChosenExplicitly: loaded 2 times (x 71B)
Class org.jetbrains.kotlin.gradle.plugin.mpp.compilationImpl.KotlinCompilationCompilerOptionsFromTargetConfigurator: loaded 2 times (x 72B)
Class com.google.common.collect.ImmutableEnumMap                                      : loaded 2 times (x 123B)
Class org.apache.commons.compress.archivers.zip.Zip64RequiredException                : loaded 2 times (x 80B)
Class org.jetbrains.kotlin.gradle.plugin.sources.KotlinSourceSetFactory               : loaded 2 times (x 78B)
Class org.jetbrains.kotlin.gradle.plugin.KotlinJvmPlugin$Companion                    : loaded 2 times (x 69B)
Class org.jetbrains.kotlin.konan.target.KonanTarget$TVOS_SIMULATOR_ARM64              : loaded 2 times (x 76B)
Class org.jetbrains.kotlin.gradle.tasks.KotlinCompile$ClasspathSnapshotProperties_Decorated: loaded 2 times (x 135B)
Class org.jetbrains.kotlin.gradle.plugin.DefaultKotlinBasePlugin$apply$1              : loaded 2 times (x 73B)
Class org.jetbrains.kotlin.gradle.plugin.sources.KotlinSourceSetFactory$Companion     : loaded 2 times (x 69B)
Class org.jetbrains.kotlin.gradle.plugin.internal.CustomPropertiesFileValueSource$Parameters$Inject: loaded 2 times (x 104B)
Class com.google.common.collect.ImmutableList$ReverseImmutableList                    : loaded 2 times (x 168B)
Class org.jetbrains.kotlin.gradle.plugin.diagnostics.checkers.WasmWasiEnvironmentChecker$1: loaded 2 times (x 76B)
Class org.jetbrains.kotlin.gradle.report.BuildMetricsService                          : loaded 2 times (x 84B)
Class kotlin.collections.CollectionsKt__MutableCollectionsJVMKt                       : loaded 2 times (x 69B)
Class org.jetbrains.kotlin.gradle.plugin.statistics.ExecutedTaskMetrics               : loaded 2 times (x 69B)
Class org.jetbrains.kotlin.gradle.plugin.diagnostics.checkers.WasmWasiEnvironmentChecker$2: loaded 2 times (x 76B)
Class org.jetbrains.kotlin.gradle.utils.WhenPluginEnabledKt                           : loaded 2 times (x 69B)
Class kotlin.collections.EmptyList                                                    : loaded 2 times (x 134B)
Class org.objectweb.asm.ConstantDynamic                                               : loaded 2 times (x 70B)
Class org.jetbrains.kotlin.gradle.tasks.GradleCompileTaskProvider                     : loaded 2 times (x 70B)
Class org.apache.commons.compress.archivers.zip.ZipSplitReadOnlySeekableByteChannel   : loaded 2 times (x 105B)
Class org.jetbrains.kotlin.gradle.plugin.mpp.compilationImpl.KotlinCompilationSourceSetInclusion$Companion$includedSourceSets$2: loaded 2 times (x 76B)
Class org.jetbrains.kotlin.gradle.plugin.DefaultKotlinBasePlugin$setupAttributeMatchingStrategy$1$1: loaded 2 times (x 77B)
Class org.jetbrains.kotlin.gradle.plugin.diagnostics.CheckKotlinGradlePluginConfigurationErrors$Companion: loaded 2 times (x 69B)
Class org.jetbrains.kotlin.gradle.plugin.DefaultKotlinBasePlugin$setupAttributeMatchingStrategy$1$2: loaded 2 times (x 77B)
Class org.jetbrains.kotlin.gradle.plugin.statistics.KotlinBuildStatsLoggerService     : loaded 2 times (x 70B)
Class com.google.common.cache.AbstractCache$StatsCounter                              : loaded 2 times (x 68B)
Class org.jetbrains.kotlin.gradle.tasks.configuration.BaseKotlinCompileConfig$1$1     : loaded 2 times (x 72B)
Class org.jetbrains.kotlin.gradle.targets.KotlinTargetSideEffect$Companion            : loaded 2 times (x 69B)
Class org.objectweb.asm.FieldVisitor                                                  : loaded 2 times (x 75B)
Class org.jetbrains.kotlin.gradle.tasks.configuration.BaseKotlinCompileConfig$1$3     : loaded 2 times (x 73B)
Class org.jetbrains.kotlin.gradle.tasks.KotlinCompilationTask                         : loaded 2 times (x 68B)
Class org.jetbrains.kotlin.statistics.metrics.NumberOverridePolicy$AVERAGE            : loaded 2 times (x 83B)
Class org.jetbrains.kotlin.gradle.plugin.diagnostics.checkers.DeprecatedKotlinNativeTargetsChecker$runChecks$1: loaded 2 times (x 86B)
Class org.objectweb.asm.Symbol                                                        : loaded 2 times (x 71B)
Class org.jetbrains.kotlin.gradle.tasks.GradleCompileTaskProviderKt                   : loaded 2 times (x 69B)
Class org.jetbrains.kotlin.gradle.tasks.KotlinJvmCompile                              : loaded 2 times (x 68B)
Class [Lorg.jetbrains.kotlin.statistics.metrics.StringOverridePolicy;                 : loaded 2 times (x 67B)
Class Build_gradle$1$1                                                                : loaded 2 times (x 76B)
Class com.google.common.collect.Ordering                                              : loaded 2 times (x 112B)
Class org.jetbrains.kotlin.gradle.plugin.diagnostics.checkers.CInteropInputChecker$runChecks$1: loaded 2 times (x 86B)
Class org.jetbrains.kotlin.gradle.plugin.diagnostics.KotlinToolingDiagnostics$JsLikeEnvironmentNotChosenExplicitly: loaded 2 times (x 71B)
Class org.jetbrains.kotlin.gradle.plugin.diagnostics.checkers.CInteropInputChecker$runChecks$2: loaded 2 times (x 73B)
Class com.google.common.cache.LocalCache$Strength$1                                   : loaded 2 times (x 79B)
Class com.google.common.collect.EmptyImmutableListMultimap                            : loaded 2 times (x 174B)
Class org.jetbrains.kotlin.gradle.targets.native.toolchain.KotlinNativeBundleBuildService: loaded 2 times (x 75B)
Class com.google.common.cache.LocalCache$Strength$2                                   : loaded 2 times (x 79B)
Class org.jetbrains.kotlin.gradle.plugin.hierarchy.KotlinSourceSetTreeClassifierKt    : loaded 2 times (x 69B)
Class org.jetbrains.kotlin.statistics.metrics.NumericalMetrics                        : loaded 2 times (x 78B)
Class com.google.common.cache.LocalCache$Strength$3                                   : loaded 2 times (x 79B)
Class org.gradle.internal.classloader.ClassLoaderFactory                              : loaded 2 times (x 68B)
Class com.google.common.collect.ObjectArrays                                          : loaded 2 times (x 69B)
Class org.jetbrains.kotlin.gradle.utils.ProviderApiUtilsKt$mapOrNull$1                : loaded 2 times (x 73B)
Class org.jetbrains.kotlin.gradle.plugin.mpp.compilationImpl.KotlinCreateCompilationArchiveTaskKt$KotlinCreateCompilationArchivesTask$1: loaded 2 times (x 72B)
Class org.jetbrains.kotlin.buildtools.api.KotlinLogger                                : loaded 2 times (x 68B)
Class com.google.common.base.Absent                                                   : loaded 2 times (x 78B)
Class com.google.common.util.concurrent.AbstractFuture$Waiter                         : loaded 2 times (x 70B)
Class kotlin.jvm.internal.FunctionReference                                           : loaded 2 times (x 120B)
Class org.jetbrains.kotlin.gradle.utils.Future                                        : loaded 2 times (x 68B)
Class org.jetbrains.kotlin.gradle.plugin.mpp.compilationImpl.KotlinCompilationSourceSetInclusion$include$1: loaded 2 times (x 77B)
Class com.google.common.util.concurrent.Uninterruptibles                              : loaded 2 times (x 69B)
Class com.google.common.collect.Iterators$10                                          : loaded 2 times (x 79B)
Class com.google.common.io.ByteSource                                                 : loaded 2 times (x 82B)
Class com.google.common.collect.Iterators$EmptyModifiableIterator                     : loaded 2 times (x 84B)
Class com.google.common.collect.ImmutableList                                         : loaded 2 times (x 166B)
Class org.gradle.api.internal.classpath.ManifestUtil                                  : loaded 2 times (x 69B)
Class org.gradle.api.specs.Spec                                                       : loaded 2 times (x 68B)
Class com.google.common.collect.RangeSet                                              : loaded 2 times (x 68B)
Class [Lorg.jetbrains.kotlin.gradle.targets.js.npm.NpmDependency$Scope;               : loaded 2 times (x 67B)
Class org.jetbrains.kotlin.gradle.targets.CreateDefaultCompilationsSideEffectKt$CreateDefaultCompilationsSideEffect$1: loaded 2 times (x 72B)
Class kotlin.jvm.internal.Intrinsics                                                  : loaded 2 times (x 69B)
Class org.jetbrains.kotlin.gradle.plugin.VariantImplementationFactories$Inject        : loaded 2 times (x 104B)
Class com.google.common.cache.CacheLoader$UnsupportedLoadingOperationException        : loaded 2 times (x 80B)
Class org.jetbrains.kotlin.gradle.dsl.DefaultToolchainSupport$wireToolchainToTasks$1  : loaded 2 times (x 73B)
Class org.jetbrains.kotlin.gradle.internal.properties.PropertiesBuildService$IntGradleProperty: loaded 2 times (x 74B)
Class com.google.common.base.CharMatcher$Whitespace                                   : loaded 2 times (x 110B)
Class org.jetbrains.kotlin.gradle.plugin.mpp.KotlinUsages$KotlinUsagesDisambiguation  : loaded 2 times (x 74B)
Class org.jetbrains.kotlin.gradle.utils.ProviderApiUtilsKt                            : loaded 2 times (x 69B)
Class com.google.common.util.concurrent.ListenableFuture                              : loaded 2 times (x 68B)
Class com.google.common.collect.MapMaker$Dummy                                        : loaded 2 times (x 77B)
Class org.jetbrains.kotlin.gradle.tooling.BuildKotlinToolingMetadataTaskKt$RegisterBuildKotlinToolingMetadataTask$1: loaded 2 times (x 72B)
Class org.jetbrains.kotlin.tooling.core.ExtrasLazyProperty                            : loaded 2 times (x 68B)
Class kotlin.text.StringsKt___StringsJvmKt                                            : loaded 2 times (x 69B)
Class org.jetbrains.kotlin.gradle.plugin.diagnostics.checkers.AndroidSourceSetLayoutV1SourceSetsNotFoundChecker: loaded 2 times (x 72B)
Class org.jetbrains.kotlin.gradle.plugin.KotlinCompilationInfo$TCS                    : loaded 2 times (x 87B)
Class org.jetbrains.kotlin.gradle.plugin.KotlinGradlePluginExtensionPointInternalKt   : loaded 2 times (x 69B)
Class [Lorg.jetbrains.kotlin.gradle.plugin.mpp.compilationImpl.factory.KotlinCompilationImplFactory$PostConfigure;: loaded 2 times (x 67B)
Class org.jetbrains.kotlin.gradle.targets.native.internal.SetupKotlinNativePlatformDependenciesAndStdlibKt: loaded 2 times (x 69B)
Class com.google.common.collect.Iterators$1                                           : loaded 2 times (x 79B)
Class org.jetbrains.kotlin.gradle.plugin.mpp.KotlinTargetSoftwareComponentImplKt$KotlinTargetSoftwareComponent$1$1$1: loaded 2 times (x 73B)
Class org.jetbrains.kotlin.konan.target.KonanTarget$TVOS_X64                          : loaded 2 times (x 76B)
Class org.jetbrains.kotlin.gradle.artifacts.KotlinMetadataArtifactKt                  : loaded 2 times (x 69B)
Class com.google.common.collect.BaseImmutableMultimap                                 : loaded 2 times (x 121B)
Class org.jetbrains.kotlin.gradle.plugin.diagnostics.CheckKotlinGradlePluginConfigurationErrorsKt$locateOrRegisterCheckKotlinGradlePluginErrorsTask$taskProvider$1$1: loaded 2 times (x 73B)
Class org.jetbrains.kotlin.gradle.utils.KotlinExtensionUtilsKt                        : loaded 2 times (x 69B)
Class org.jetbrains.kotlin.konan.target.UtilsKt$evaluatePresetName$1                  : loaded 2 times (x 76B)
Class org.jetbrains.kotlin.gradle.plugin.diagnostics.CheckKotlinGradlePluginConfigurationErrorsKt$locateOrRegisterCheckKotlinGradlePluginErrorsTask$taskProvider$1$2: loaded 2 times (x 72B)
Class org.jetbrains.kotlin.gradle.plugin.mpp.compilationImpl.factory.KotlinCompilationDependencyConfigurationsFactoriesKt: loaded 2 times (x 69B)
Class org.jetbrains.kotlin.gradle.internal.properties.NativePropertiesLoader$forceDisableRunningInProcess$1: loaded 2 times (x 73B)
Class com.google.common.collect.Iterators$4                                           : loaded 2 times (x 80B)
Class com.google.common.collect.RegularImmutableMap$BucketOverflowException           : loaded 2 times (x 80B)
Class org.jetbrains.kotlin.gradle.utils.SingleAction                                  : loaded 2 times (x 71B)
Class com.google.common.collect.Iterators$5                                           : loaded 2 times (x 80B)
Class com.google.common.util.concurrent.AbstractFuture$UnsafeAtomicHelper             : loaded 2 times (x 76B)
Class org.jetbrains.kotlin.gradle.tasks.KotlinCompilerPluginData                      : loaded 2 times (x 70B)
Class org.jetbrains.kotlin.gradle.plugin.statistics.KotlinBuildStatsServicesRegistry  : loaded 2 times (x 76B)
Class com.google.common.base.Joiner                                                   : loaded 2 times (x 77B)
Class com.google.common.base.Equivalence$Equals                                       : loaded 2 times (x 80B)
Class com.google.common.base.Preconditions                                            : loaded 2 times (x 69B)
Class org.jetbrains.kotlin.statistics.metrics.OverrideMetricContainer                 : loaded 2 times (x 78B)
Class org.jetbrains.kotlin.gradle.plugin.diagnostics.UsesKotlinToolingDiagnosticsParameters: loaded 2 times (x 68B)
Class com.google.common.base.Function                                                 : loaded 2 times (x 68B)
Class org.jetbrains.kotlin.gradle.plugin.internal.DefaultCompatibilityConventionRegistrar: loaded 2 times (x 72B)
Class com.google.common.collect.Iterators$9                                           : loaded 2 times (x 79B)
Class org.jetbrains.kotlin.gradle.plugin.mpp.KotlinUsageContext$MavenScope            : loaded 2 times (x 77B)
Class org.jetbrains.kotlin.gradle.tasks.KotlinCompile$disableMultiModuleIC$2$1        : loaded 2 times (x 73B)
Class org.jetbrains.kotlin.gradle.tasks.KotlinCompile$defaultKotlinJavaToolchain$1    : loaded 2 times (x 77B)
Class org.jetbrains.kotlin.gradle.plugin.BuildFinishFlowAction$Parameters_Decorated   : loaded 2 times (x 135B)
Class org.jetbrains.kotlin.gradle.utils.ConfigurationsKt$createResolvable$1           : loaded 2 times (x 76B)
Class org.jetbrains.kotlin.gradle.plugin.statistics.KotlinBuildStatsServicesRegistry$Companion: loaded 2 times (x 69B)
Class org.jetbrains.kotlin.gradle.plugin.KotlinProjectSetupAction$Companion           : loaded 2 times (x 69B)
Class org.jetbrains.kotlin.gradle.logging.GradleKotlinLogger                          : loaded 2 times (x 78B)
Class org.apache.commons.compress.archivers.zip.ZipShort                              : loaded 2 times (x 69B)
Class org.jetbrains.kotlin.gradle.plugin.mpp.compilationImpl.DefaultKotlinCompilationSourceSetsContainer$source$1: loaded 2 times (x 77B)
Class org.jetbrains.kotlin.gradle.plugin.sources.FragmentConsistencyChecks$optInAnnotationsCheck$1: loaded 2 times (x 77B)
Class org.jetbrains.kotlin.gradle.plugin.KotlinCompilation                            : loaded 2 times (x 68B)
Class org.gradle.internal.IoActions                                                   : loaded 2 times (x 69B)
Class org.jetbrains.kotlin.gradle.plugin.sources.FragmentConsistencyChecks$optInAnnotationsCheck$2: loaded 2 times (x 76B)
Class org.jetbrains.kotlin.gradle.plugin.diagnostics.checkers.KotlinTargetAlreadyDeclaredChecker: loaded 2 times (x 72B)
Class com.google.common.collect.MapMakerInternalMap$StrongKeyDummyValueEntry$Helper   : loaded 2 times (x 77B)
Class org.jetbrains.kotlin.gradle.dsl.KotlinCompile                                   : loaded 2 times (x 68B)
Class org.jetbrains.kotlin.gradle.artifacts.KotlinNativeHostSpecificMetadataArtifactKt: loaded 2 times (x 69B)
Class com.google.common.collect.AllEqualOrdering                                      : loaded 2 times (x 112B)
Class org.jetbrains.kotlin.gradle.targets.native.toolchain.KotlinNativeBundleBuildService$Companion$registerIfAbsent$2$1$1: loaded 2 times (x 73B)
Class org.jetbrains.kotlin.gradle.plugin.VariantImplementationFactories$Companion$getProvider$1: loaded 2 times (x 73B)
Class com.google.common.collect.ComparatorOrdering                                    : loaded 2 times (x 113B)
Class org.jetbrains.kotlin.gradle.plugin.mpp.apple.swiftexport.internal.SwiftExportInitKt: loaded 2 times (x 69B)
Class org.jetbrains.kotlin.gradle.dsl.KotlinJvmCompilerOptionsDefault_Decorated       : loaded 2 times (x 166B)
Class org.jetbrains.kotlin.gradle.plugin.mpp.DecoratedKotlinCompilation               : loaded 2 times (x 189B)
Class org.jetbrains.kotlin.gradle.targets.js.ir.KotlinJsIrTarget                      : loaded 2 times (x 258B)
Class org.jetbrains.kotlin.statistics.metrics.BooleanOverridePolicy$OR                : loaded 2 times (x 83B)
Class org.jetbrains.kotlin.gradle.plugin.mpp.compilationImpl.DefaultKotlinCompilationSourceSetsContainer$allKotlinSourceSetsImpl$1$1: loaded 2 times (x 78B)
Class org.jetbrains.kotlin.gradle.plugin.diagnostics.checkers.DeprecatedKotlinNativeTargetsChecker: loaded 2 times (x 72B)
Class org.jetbrains.kotlin.gradle.artifacts.KotlinTargetArtifact                      : loaded 2 times (x 68B)
Class org.jetbrains.kotlin.gradle.internal.transforms.BuildToolsApiClasspathEntrySnapshotTransform$Parameters_Decorated: loaded 2 times (x 153B)
Class com.google.common.cache.ReferenceEntry                                          : loaded 2 times (x 68B)
Class org.jetbrains.kotlin.gradle.plugin.diagnostics.checkers.JsLikeEnvironmentChecker$runChecks$1: loaded 2 times (x 86B)
Class org.jetbrains.kotlin.gradle.plugin.statistics.BuildFusService$Companion$registerIfAbsentImpl$2: loaded 2 times (x 73B)
Class com.google.common.collect.RegularImmutableMap$KeySet                            : loaded 2 times (x 148B)
Class com.google.common.collect.CollectPreconditions                                  : loaded 2 times (x 69B)
Class [Lorg.jetbrains.kotlin.statistics.metrics.BooleanOverridePolicy;                : loaded 2 times (x 67B)
Class kotlin.sequences.SequencesKt                                                    : loaded 2 times (x 69B)
Class com.google.common.collect.LexicographicalOrdering                               : loaded 2 times (x 113B)
Class com.google.common.primitives.IntsMethodsForWeb                                  : loaded 2 times (x 69B)
Class com.google.common.collect.ImmutableSortedMap$Builder                            : loaded 2 times (x 88B)
Class org.jetbrains.kotlin.gradle.plugin.cocoapods.KotlinCocoapodsPlugin              : loaded 2 times (x 74B)
Class com.google.common.collect.RangeGwtSerializationDependencies                     : loaded 2 times (x 69B)
Class kotlin.collections.EmptyIterator                                                : loaded 2 times (x 87B)
Class org.jetbrains.kotlin.gradle.plugin.diagnostics.checkers.KotlinSourceSetTreeDependsOnMismatchChecker$runChecks$1: loaded 2 times (x 86B)
Class [Lorg.jetbrains.kotlin.statistics.metrics.IMetricContainerFactory;              : loaded 2 times (x 67B)
Class org.jetbrains.kotlin.gradle.plugin.sources.DefaultLanguageSettingsBuilder$freeCompilerArgsProvider$1: loaded 2 times (x 93B)
Class com.google.common.collect.Maps                                                  : loaded 2 times (x 69B)
Class org.jetbrains.kotlin.gradle.plugin.VariantImplementationFactories$Parameters$Inject: loaded 2 times (x 104B)
Class com.google.common.collect.RegularImmutableMap                                   : loaded 2 times (x 119B)
Class org.jetbrains.kotlin.gradle.internal.Kapt3GradleSubplugin$Kapt3SubpluginContext : loaded 2 times (x 70B)
Class org.jetbrains.kotlin.gradle.internal.properties.NativePropertiesKt              : loaded 2 times (x 69B)
Class org.jetbrains.kotlin.gradle.utils.GradleAttributesContainerUtilsKt$copyAttributeTo$1: loaded 2 times (x 77B)
Class [Lorg.jetbrains.kotlin.build.report.metrics.ValueType;                          : loaded 2 times (x 67B)
Class kotlin.jvm.internal.FunctionReferenceImpl                                       : loaded 2 times (x 120B)
Class org.jetbrains.kotlin.gradle.utils.FutureImpl                                    : loaded 2 times (x 78B)
Class com.google.common.collect.AbstractIndexedListIterator                           : loaded 2 times (x 94B)
Class kotlin.comparisons.ComparisonsKt___ComparisonsJvmKt                             : loaded 2 times (x 69B)
Class com.google.common.collect.ImmutableMultimap$Builder                             : loaded 2 times (x 81B)
Class org.jetbrains.kotlin.gradle.artifacts.KotlinLegacyMetadataArtifactKt            : loaded 2 times (x 69B)
Class org.jetbrains.kotlin.konan.target.UtilsKt                                       : loaded 2 times (x 69B)
Class org.jetbrains.kotlin.statistics.metrics.NumberAnonymizationPolicy$RANDOM_10_PERCENT: loaded 2 times (x 83B)
Class org.apache.commons.compress.archivers.zip.InflaterInputStreamWithStatistics     : loaded 2 times (x 98B)
Class org.jetbrains.kotlin.gradle.plugin.KotlinPluginLifecycleKt$kotlinPluginLifecycle$2: loaded 2 times (x 76B)
Class org.jetbrains.kotlin.gradle.plugin.diagnostics.checkers.OverriddenKotlinNativeHomeChecker$allKonanMainSubdirectoriesExist$1: loaded 2 times (x 73B)
Class org.jetbrains.kotlin.gradle.internal.KotlinTestDependencyManagementKt$configureKotlinTestDependency$2: loaded 2 times (x 73B)
Class org.jetbrains.kotlin.compilerRunner.KotlinCompilerArgumentsLogLevel             : loaded 2 times (x 77B)
Class org.jetbrains.kotlin.gradle.targets.native.internal.CInteropConfigurationsKt    : loaded 2 times (x 69B)
Class com.google.common.base.CharMatcher$None                                         : loaded 2 times (x 110B)
Class org.jetbrains.kotlin.gradle.plugin.BuildEventsListenerRegistryHolder            : loaded 2 times (x 70B)
Class [Lorg.objectweb.asm.Attribute;                                                  : loaded 2 times (x 67B)
Class org.apache.commons.compress.archivers.zip.Zip64ExtendedInformationExtraField    : loaded 2 times (x 95B)
Class org.jetbrains.kotlin.gradle.tasks.TasksProviderKt$sam$org_gradle_api_Action$0   : loaded 2 times (x 73B)
Class org.gradle.api.internal.classpath.EffectiveClassPath                            : loaded 2 times (x 88B)
Class org.jetbrains.kotlin.gradle.tasks.DefaultKotlinJavaToolchain$DefaultJavaToolchainSetter: loaded 2 times (x 73B)
Class com.google.common.collect.UnmodifiableListIterator                              : loaded 2 times (x 93B)
Class org.jetbrains.kotlin.gradle.tasks.configuration.AbstractKotlinCompileConfig$getClasspathSnapshotDir$1: loaded 2 times (x 72B)
Class org.jetbrains.kotlin.konan.target.HostManager$Companion$targetAliases$2         : loaded 2 times (x 76B)
Class org.jetbrains.kotlin.gradle.internal.properties.PropertiesBuildServiceKt        : loaded 2 times (x 69B)
Class org.jetbrains.kotlin.gradle.plugin.internal.DefaultConfigurationCacheStartParameterAccessor: loaded 2 times (x 75B)
Class kotlin.jvm.internal.DefaultConstructorMarker                                    : loaded 2 times (x 69B)
Class com.google.common.io.Files                                                      : loaded 2 times (x 69B)
Class org.jetbrains.kotlin.gradle.targets.js.npm.DefaultNpmDependencyExtension        : loaded 2 times (x 150B)
Class org.objectweb.asm.ModuleVisitor                                                 : loaded 2 times (x 79B)
Class org.jetbrains.kotlin.gradle.plugin.diagnostics.RenderReportedDiagnosticsKt      : loaded 2 times (x 69B)
Class org.jetbrains.kotlin.gradle.tasks.KotlinCompile$scriptSources$1                 : loaded 2 times (x 73B)
Class org.jetbrains.kotlin.gradle.plugin.mpp.compilationImpl.KotlinCompilationProcessorSideEffectKt: loaded 2 times (x 69B)
Class org.jetbrains.kotlin.build.report.metrics.BuildPerformanceMetric                : loaded 2 times (x 68B)
Class com.google.common.cache.CacheLoader$FunctionToCacheLoader                       : loaded 2 times (x 73B)
Class com.google.common.cache.CacheBuilder$1                                          : loaded 2 times (x 83B)
Class org.jetbrains.kotlin.gradle.plugin.mpp.KotlinCompilationFactory$DefaultImpls    : loaded 2 times (x 69B)
Class org.jetbrains.kotlin.statistics.metrics.BooleanMetrics$Companion                : loaded 2 times (x 69B)
Class com.google.common.cache.CacheBuilder$2                                          : loaded 2 times (x 70B)
Class com.google.common.collect.ImmutableList$1                                       : loaded 2 times (x 95B)
Class com.google.common.base.Splitter$Strategy                                        : loaded 2 times (x 68B)
Class org.jetbrains.kotlin.gradle.plugin.statistics.NonSynchronizedMetricsContainer$MetricDescriptor: loaded 2 times (x 73B)
Class com.google.common.io.CharStreams                                                : loaded 2 times (x 69B)
Class org.jetbrains.kotlin.gradle.targets.js.dsl.KotlinWasmJsTargetDsl                : loaded 2 times (x 68B)
Class org.jetbrains.kotlin.gradle.utils.GradleAttributesContainerUtilsKt              : loaded 2 times (x 69B)
Class com.google.common.collect.ImmutableMapEntrySet$RegularEntrySet                  : loaded 2 times (x 149B)
Class org.jetbrains.kotlin.gradle.tasks.KotlinCompile$disableMultiModuleIC$2          : loaded 2 times (x 77B)
Class org.jetbrains.kotlin.gradle.tasks.DefaultKotlinJavaToolchain$currentJvmJdkToolsJar$1: loaded 2 times (x 72B)
Class [Lcom.google.common.cache.RemovalListener;                                      : loaded 2 times (x 67B)
Class [Lcom.google.common.collect.ImmutableMapEntry;                                  : loaded 2 times (x 67B)
Class org.jetbrains.kotlin.gradle.plugin.KotlinTargetConfiguratorKt$WhenMappings      : loaded 2 times (x 69B)
Class com.google.common.collect.Interners                                             : loaded 2 times (x 69B)
Class org.jetbrains.kotlin.gradle.incremental.IncrementalModuleInfoProvider           : loaded 2 times (x 68B)
Class org.apache.commons.compress.archivers.zip.ResourceAlignmentExtraField           : loaded 2 times (x 87B)
Class org.jetbrains.kotlin.gradle.internal.properties.PropertiesBuildService$property$1$valueFromGradleAndLocalProperties$1: loaded 2 times (x 73B)
Class Native_plugin_loader_gradle$NativePluginLoader$Companion                        : loaded 2 times (x 69B)
Class com.google.common.collect.MapMakerInternalMap$Strength$1                        : loaded 2 times (x 78B)
Class org.jetbrains.kotlin.build.report.metrics.BuildTimes$Companion                  : loaded 2 times (x 69B)
Class org.jetbrains.kotlin.gradle.plugin.mpp.KotlinCompilationsKt                     : loaded 2 times (x 69B)
Class org.gradle.internal.installation.CurrentGradleInstallation                      : loaded 2 times (x 71B)
Class com.google.common.collect.MapMakerInternalMap$Strength$2                        : loaded 2 times (x 78B)
Class org.jetbrains.kotlin.gradle.plugin.sources.FragmentConsistencyChecks$languageVersionCheck$1: loaded 2 times (x 77B)
Class [Lorg.jetbrains.kotlin.konan.target.Architecture;                               : loaded 2 times (x 67B)
Class org.jetbrains.kotlin.gradle.plugin.sources.FragmentConsistencyChecks$languageVersionCheck$2: loaded 2 times (x 76B)
Class org.gradle.internal.installation.CurrentGradleInstallationLocator               : loaded 2 times (x 69B)
Class kotlin.collections.CollectionsKt__IteratorsJVMKt                                : loaded 2 times (x 69B)
Class [Lcom.google.common.cache.LocalCache$Segment;                                   : loaded 2 times (x 67B)
Class org.gradle.api.internal.classpath.Module                                        : loaded 2 times (x 68B)
Class com.google.common.io.ByteSource$ByteArrayByteSource                             : loaded 2 times (x 83B)
Class org.jetbrains.kotlin.gradle.plugin.KotlinGradlePluginExtensionPointInternal$registeredExtensions$2: loaded 2 times (x 76B)
Class kotlin.sequences.FilteringSequence                                              : loaded 2 times (x 73B)
Class com.google.common.collect.ImmutableSortedSet                                    : loaded 2 times (x 233B)
Class org.jetbrains.kotlin.gradle.plugin.KotlinProjectSetupActionKt                   : loaded 2 times (x 69B)
Class com.google.common.base.Splitter$1$1                                             : loaded 2 times (x 84B)
Class org.jetbrains.kotlin.gradle.plugin.mpp.KotlinTargetSoftwareComponent            : loaded 2 times (x 87B)
Class org.jetbrains.kotlin.gradle.tasks.FailedCompilationException                    : loaded 2 times (x 80B)
Class com.google.common.collect.MapMakerInternalMap$Segment                           : loaded 2 times (x 140B)
Class org.jetbrains.kotlin.gradle.tasks.KotlinCompile$androidLayoutResources$1        : loaded 2 times (x 72B)
Class org.jetbrains.kotlin.gradle.plugin.mpp.compilationImpl.KotlinCompilationSourceSetsContainerKt: loaded 2 times (x 69B)
Class org.jetbrains.kotlin.gradle.report.BuildReportMode                              : loaded 2 times (x 77B)
Class kotlin.sequences.SequencesKt__SequencesKt                                       : loaded 2 times (x 69B)
Class kotlin.sequences.SequencesKt__SequencesJVMKt                                    : loaded 2 times (x 69B)
Class kotlin.LazyKt                                                                   : loaded 2 times (x 69B)
Class com.google.common.collect.ImmutableSet$JdkBackedSetBuilderImpl                  : loaded 2 times (x 74B)
Class org.jetbrains.kotlin.gradle.plugin.diagnostics.KotlinToolingDiagnosticsCollector$Inject: loaded 2 times (x 94B)
Class org.jetbrains.kotlin.build.report.metrics.GcMetrics                             : loaded 2 times (x 70B)
Class org.jetbrains.kotlin.gradle.plugin.KotlinPluginLifecycleImpl$launch$1           : loaded 2 times (x 77B)
Class org.jetbrains.kotlin.gradle.plugin.statistics.BuildFinishMetrics                : loaded 2 times (x 69B)
Class org.jetbrains.kotlin.gradle.utils.CompilerOptionsKt                             : loaded 2 times (x 69B)
Class com.google.common.collect.ImmutableSet$RegularSetBuilderImpl                    : loaded 2 times (x 75B)
Class org.jetbrains.kotlin.build.report.metrics.ValueType                             : loaded 2 times (x 77B)
Class org.jetbrains.kotlin.gradle.plugin.PropertiesProvider$kotlinExperimentalTryNext$1: loaded 2 times (x 73B)
Class [Lorg.objectweb.asm.AnnotationWriter;                                           : loaded 2 times (x 67B)
Class org.gradle.internal.service.CachingServiceLocator                               : loaded 2 times (x 80B)
Class kotlin.NoWhenBranchMatchedException                                             : loaded 2 times (x 80B)
Class org.jetbrains.kotlin.konan.target.KonanTarget$Companion                         : loaded 2 times (x 69B)
Class [Lorg.jetbrains.kotlin.gradle.plugin.KotlinPluginLifecycle$CoroutineStart;      : loaded 2 times (x 67B)
Class org.jetbrains.kotlin.gradle.plugin.KotlinPlatformType$Companion                 : loaded 2 times (x 69B)
Class org.jetbrains.kotlin.gradle.tasks.configuration.BaseKotlinCompileConfig$1$classpathConfiguration$jvmToolchain$1: loaded 2 times (x 72B)
Class org.jetbrains.kotlin.gradle.tooling.BuildKotlinToolingMetadataTaskKt            : loaded 2 times (x 69B)
Class org.jetbrains.kotlin.statistics.BuildSessionLogger                              : loaded 2 times (x 75B)
Class org.jetbrains.kotlin.gradle.plugin.internal.CustomPropertiesFileValueSource     : loaded 2 times (x 80B)
Class org.jetbrains.kotlin.statistics.metrics.BooleanOverridePolicy                   : loaded 2 times (x 83B)
Class [Lcom.google.common.collect.ImmutableEntry;                                     : loaded 2 times (x 67B)
Class kotlin.text.StringsKt__StringBuilderKt                                          : loaded 2 times (x 69B)
Class kotlin.sequences.FilteringSequence$iterator$1                                   : loaded 2 times (x 77B)
Class org.jetbrains.kotlin.gradle.plugin.mpp.compilationImpl.KotlinCreateSourcesJarTaskSideEffectKt$KotlinCreateSourcesJarTaskSideEffect$1: loaded 2 times (x 72B)
Class org.jetbrains.kotlin.gradle.internal.UsesClassLoadersCachingBuildService        : loaded 2 times (x 68B)
Class org.jetbrains.kotlin.gradle.plugin.VariantImplementationFactoriesConfigurator$Companion$getProvider$1: loaded 2 times (x 72B)
Class org.objectweb.asm.Handle                                                        : loaded 2 times (x 70B)
Class com.google.common.collect.Sets$ImprovedAbstractSet                              : loaded 2 times (x 133B)
Class com.google.common.collect.AbstractMapBasedMultimap$AsMap                        : loaded 2 times (x 126B)
Class org.gradle.internal.classpath.DefaultClassPath                                  : loaded 2 times (x 88B)
Class org.jetbrains.kotlin.gradle.tasks.configuration.BaseKotlinCompileConfig$2$1$1$1 : loaded 2 times (x 72B)
Class com.google.common.collect.AbstractSetMultimap                                   : loaded 2 times (x 172B)
Class org.jetbrains.kotlin.gradle.tasks.configuration.KaptGenerateStubsConfig         : loaded 2 times (x 70B)
Class org.jetbrains.kotlin.gradle.plugin.KotlinBasePlugin                             : loaded 2 times (x 68B)
Class com.google.common.collect.MapMakerInternalMap$1                                 : loaded 2 times (x 81B)
Class org.jetbrains.kotlin.gradle.tasks.configuration.BaseKotlinCompileConfig$2$1$1$2 : loaded 2 times (x 72B)
Class org.apache.commons.compress.archivers.zip.X0019_EncryptionRecipientCertificateList: loaded 2 times (x 88B)
Class org.jetbrains.kotlin.statistics.metrics.BooleanMetrics                          : loaded 2 times (x 78B)
Class org.jetbrains.kotlin.gradle.plugin.diagnostics.checkers.WasmSourceSetsNotFoundChecker: loaded 2 times (x 72B)
Class org.jetbrains.kotlin.gradle.plugin.diagnostics.checkers.JsEnvironmentChecker$1  : loaded 2 times (x 76B)
Class org.jetbrains.kotlin.gradle.artifacts.KotlinLegacyCompatibilityMetadataArtifactKt: loaded 2 times (x 69B)
Class org.jetbrains.kotlin.gradle.plugin.mpp.KotlinCompilationsKt$moduleNameForCompilation$1: loaded 2 times (x 73B)
Class org.jetbrains.kotlin.gradle.plugin.diagnostics.checkers.JsEnvironmentChecker$2  : loaded 2 times (x 76B)
Class org.jetbrains.kotlin.gradle.plugin.KotlinGradlePluginExtensionPointInternal     : loaded 2 times (x 74B)
Class org.jetbrains.kotlin.gradle.plugin.mpp.KotlinNativeTarget                       : loaded 2 times (x 171B)
Class org.jetbrains.kotlin.gradle.plugin.diagnostics.checkers.JsEnvironmentChecker$3  : loaded 2 times (x 76B)
Class org.jetbrains.kotlin.gradle.plugin.KotlinGradleBuildServices$detectKotlinPluginLoadedInMultipleProjects$onRegister$1: loaded 2 times (x 77B)
Class [Lorg.jetbrains.kotlin.compilerRunner.KotlinCompilerArgumentsLogLevel;          : loaded 2 times (x 67B)
Class org.jetbrains.kotlin.gradle.targets.js.dsl.KotlinTargetWithNodeJsDsl            : loaded 2 times (x 68B)
Class [Lorg.jetbrains.kotlin.gradle.report.BuildReportType;                           : loaded 2 times (x 67B)
Class com.google.common.util.concurrent.AbstractFuture$SetFuture                      : loaded 2 times (x 73B)
Class kotlin.collections.CollectionsKt__CollectionsJVMKt                              : loaded 2 times (x 69B)
Class kotlin.sequences.SequencesKt___SequencesKt                                      : loaded 2 times (x 69B)
Class org.jetbrains.kotlin.gradle.internal.StdlibDependencyManagementKt               : loaded 2 times (x 69B)
Class org.jetbrains.kotlin.gradle.plugin.diagnostics.checkers.OverriddenKotlinNativeHomeChecker$allKonanMainSubdirectoriesExist$1$1: loaded 2 times (x 73B)
Class org.jetbrains.kotlin.gradle.internal.properties.NativePropertiesLoader$kotlinNativeVersion$1: loaded 2 times (x 73B)
Class com.google.common.collect.CollectCollectors                                     : loaded 2 times (x 69B)
Class org.jetbrains.kotlin.gradle.plugin.internal.state.TaskExecutionResults          : loaded 2 times (x 69B)
Class org.jetbrains.kotlin.gradle.plugin.mpp.KotlinUsages$KotlinCinteropDisambiguation: loaded 2 times (x 74B)
Class org.jetbrains.kotlin.statistics.metrics.NumberOverridePolicy                    : loaded 2 times (x 83B)
Class org.jetbrains.kotlin.gradle.plugin.AbstractKotlinPlugin                         : loaded 2 times (x 77B)
Class org.jetbrains.kotlin.gradle.plugin.diagnostics.checkers.WasmWasiEnvironmentChecker: loaded 2 times (x 74B)
Class org.jetbrains.kotlin.gradle.plugin.KotlinPlatformPluginBase                     : loaded 2 times (x 74B)
Class org.jetbrains.kotlin.gradle.internal.KotlinTestDependencyManagementKt$configureKotlinTestDependency$1: loaded 2 times (x 77B)
Class kotlin.collections.SetsKt__SetsJVMKt                                            : loaded 2 times (x 69B)
Class build_bsfjbfafj410q43k7uu20nvxg                                                 : loaded 2 times (x 178B)
Class com.google.common.collect.ImmutableSortedMap$1EntrySet                          : loaded 2 times (x 151B)
Class org.jetbrains.kotlin.gradle.dsl.KotlinMultiplatformSourceSetConventions         : loaded 2 times (x 68B)
Class kotlin.collections.MapsKt___MapsJvmKt                                           : loaded 2 times (x 69B)
Class com.google.common.collect.TransformedIterator                                   : loaded 2 times (x 78B)
Class org.apache.commons.compress.archivers.zip.ZipEncodingHelper                     : loaded 2 times (x 69B)
Class org.jetbrains.kotlin.gradle.plugin.diagnostics.checkers.OverriddenKotlinNativeHomeChecker: loaded 2 times (x 72B)
Class com.google.common.base.Splitter$SplittingIterator                               : loaded 2 times (x 82B)
Class org.jetbrains.kotlin.statistics.AnonymizerUtilsKt                               : loaded 2 times (x 69B)
Class org.jetbrains.kotlin.build.report.metrics.BuildAttributeKind                    : loaded 2 times (x 77B)
Class [Lorg.jetbrains.kotlin.gradle.tasks.KotlinCompilerExecutionStrategy;            : loaded 2 times (x 67B)
Class org.jetbrains.kotlin.gradle.plugin.mpp.compilationImpl.KotlinCompilationSourceSetInclusion$DefaultAddSourcesToCompileTask: loaded 2 times (x 72B)
Class org.jetbrains.kotlin.gradle.targets.js.npm.DefaultDevNpmDependencyExtension     : loaded 2 times (x 143B)
Class org.apache.commons.compress.archivers.zip.X0015_CertificateIdForFile            : loaded 2 times (x 91B)
Class org.jetbrains.kotlin.gradle.plugin.mpp.KotlinOnlyTarget                         : loaded 2 times (x 157B)
Class org.jetbrains.kotlin.gradle.plugin.mpp.compilationImpl.KotlinCompilationFriendPathsResolver: loaded 2 times (x 68B)
Class org.jetbrains.kotlin.gradle.dsl.KotlinJvmCompile                                : loaded 2 times (x 68B)
Class org.jetbrains.kotlin.gradle.plugin.sources.DefaultKotlinSourceSetKt$defaultSourceSetLanguageSettingsChecker$1: loaded 2 times (x 76B)
Class com.google.common.collect.ImmutableMultisetGwtSerializationDependencies         : loaded 2 times (x 123B)
Class org.jetbrains.kotlin.gradle.plugin.sources.DefaultKotlinSourceSetKt$defaultSourceSetLanguageSettingsChecker$2: loaded 2 times (x 76B)
Class org.jetbrains.kotlin.statistics.metrics.StringAnonymizationPolicy$AllowedListAnonymizer$Companion: loaded 2 times (x 69B)
Class org.jetbrains.kotlin.gradle.plugin.statistics.BuildFinishMetrics$reportGlobalMetrics$1: loaded 2 times (x 77B)
Class kotlin.enums.EnumEntriesList                                                    : loaded 2 times (x 183B)
Class com.google.common.collect.ImmutableListMultimap                                 : loaded 2 times (x 174B)
Class org.jetbrains.kotlin.statistics.BuildSessionLogger$Companion$listProfileFiles$lambda$3$$inlined$sortedBy$1: loaded 2 times (x 87B)
Class org.jetbrains.kotlin.gradle.plugin.mpp.KotlinTargetSoftwareComponentImpl        : loaded 2 times (x 88B)
Class com.google.common.cache.LocalCache$LocalManualCache$1                           : loaded 2 times (x 73B)
Class org.jetbrains.kotlin.gradle.tasks.configuration.KaptGenerateStubsConfig$Companion: loaded 2 times (x 69B)
Class org.jetbrains.kotlin.gradle.plugin.diagnostics.KotlinGradleProjectChecker       : loaded 2 times (x 68B)
Class [Lorg.jetbrains.kotlin.statistics.metrics.StringMetrics;                        : loaded 2 times (x 67B)
Class org.jetbrains.kotlin.gradle.dsl.KotlinVersion                                   : loaded 2 times (x 77B)
Class org.jetbrains.kotlin.gradle.internal.ClassLoadersCachingBuildService$Companion$registerIfAbsent$1$1: loaded 2 times (x 77B)
Class org.jetbrains.kotlin.gradle.plugin.diagnostics.ToolingDiagnosticRenderingOptions$Companion: loaded 2 times (x 69B)
Class Build_gradle$3                                                                  : loaded 2 times (x 72B)
Class org.jetbrains.kotlin.gradle.plugin.statistics.KotlinBuildStatisticsUtilsKt$collectGeneralConfigurationTimeMetrics$statisticOverhead$1$2: loaded 2 times (x 73B)
Class [Lorg.jetbrains.kotlin.gradle.plugin.sources.ConsistencyCheck;                  : loaded 2 times (x 67B)
Class org.jetbrains.kotlin.gradle.plugin.KotlinSourceSet                              : loaded 2 times (x 68B)
Class org.jetbrains.kotlin.gradle.plugin.ProjectLocalConfigurations$ProjectLocalCompatibility: loaded 2 times (x 74B)
Class org.jetbrains.kotlin.konan.target.HostManager                                   : loaded 2 times (x 70B)
Class org.jetbrains.kotlin.gradle.targets.js.npm.NpmDirectoryDependencyWithExternalsExtension: loaded 2 times (x 68B)
Class org.jetbrains.kotlin.gradle.report.BuildMetricsService$Companion                : loaded 2 times (x 69B)
Class kotlin.jvm.functions.Function0                                                  : loaded 2 times (x 68B)
Class com.google.common.collect.Lists$RandomAccessReverseList                         : loaded 2 times (x 160B)
Class org.jetbrains.kotlin.gradle.plugin.KotlinGradlePluginExtensionPoint             : loaded 2 times (x 68B)
Class org.jetbrains.kotlin.gradle.plugin.StatisticsBuildFlowManager_Decorated         : loaded 2 times (x 117B)
Class kotlin.jvm.functions.Function1                                                  : loaded 2 times (x 68B)
Class [Lorg.jetbrains.kotlin.gradle.plugin.mpp.KotlinUsageContext$MavenScope;         : loaded 2 times (x 67B)
Class kotlin.jvm.functions.Function2                                                  : loaded 2 times (x 68B)
Class kotlin.jvm.functions.Function3                                                  : loaded 2 times (x 68B)
Class [Lcom.google.common.collect.AbstractIterator$State;                             : loaded 2 times (x 67B)
Class org.objectweb.asm.SymbolTable$Entry                                             : loaded 2 times (x 72B)
Class org.jetbrains.kotlin.gradle.plugin.diagnostics.KotlinGradleProjectCheckerContext: loaded 2 times (x 70B)
Class kotlin.sequences.ConstrainedOnceSequence                                        : loaded 2 times (x 73B)
Class [Lorg.jetbrains.kotlin.tooling.core.HasExtras;                                  : loaded 2 times (x 67B)
Class org.jetbrains.kotlin.compilerRunner.GradleCompilerRunner                        : loaded 2 times (x 71B)
Class org.jetbrains.kotlin.konan.target.KonanTarget$IOS_ARM64                         : loaded 2 times (x 76B)
Class org.jetbrains.kotlin.gradle.plugin.KotlinTarget                                 : loaded 2 times (x 68B)
Class org.jetbrains.kotlin.gradle.targets.js.npm.NpmDependencyExtensionKt             : loaded 2 times (x 69B)
Class org.jetbrains.kotlin.gradle.tasks.KotlinCompilerPluginData$InputsOutputsState   : loaded 2 times (x 70B)
Class org.jetbrains.kotlin.konan.target.KonanTarget$ANDROID_ARM32                     : loaded 2 times (x 76B)
Class org.jetbrains.kotlin.konan.target.KonanTarget$LINUX_X64                         : loaded 2 times (x 76B)
Class com.google.common.base.CharMatcher$Is                                           : loaded 2 times (x 109B)
Class com.google.common.base.Platform                                                 : loaded 2 times (x 69B)
Class com.google.common.collect.RegularImmutableAsList                                : loaded 2 times (x 176B)
Class com.google.common.base.Suppliers$NonSerializableMemoizingSupplier               : loaded 2 times (x 77B)
Class org.jetbrains.kotlin.gradle.plugin.diagnostics.checkers.PreHmppDependenciesUsageChecker: loaded 2 times (x 72B)
Class com.google.common.collect.PeekingIterator                                       : loaded 2 times (x 68B)
Class org.jetbrains.kotlin.gradle.plugin.mpp.InternalKotlinTargetKt$isSourcesPublishableFuture$2: loaded 2 times (x 93B)
Class org.apache.commons.compress.archivers.zip.X0016_CertificateIdForCentralDirectory: loaded 2 times (x 91B)
Class org.jetbrains.kotlin.gradle.plugin.KotlinCompilationInfoKt                      : loaded 2 times (x 69B)
Class org.jetbrains.kotlin.gradle.plugin.statistics.KotlinBuildStatsLoggerService$reportBuildFinished$1: loaded 2 times (x 77B)
Class org.jetbrains.kotlin.gradle.plugin.statistics.BuildFusService$Companion$registerIfAbsentImpl$2$1: loaded 2 times (x 73B)
Class org.jetbrains.kotlin.gradle.plugin.KotlinGradleFinishBuildHandler$Companion     : loaded 2 times (x 69B)
Class org.jetbrains.kotlin.gradle.artifacts.KotlinJsKlibArtifactKt$KotlinJsKlibArtifact$1: loaded 2 times (x 72B)
Class org.jetbrains.kotlin.gradle.plugin.KotlinTargetsContainer                       : loaded 2 times (x 68B)
Class org.jetbrains.kotlin.project.model.LanguageSettings                             : loaded 2 times (x 68B)
Class com.google.common.collect.ImmutableSetMultimap                                  : loaded 2 times (x 178B)
Class kotlin._Assertions                                                              : loaded 2 times (x 69B)
Class org.jetbrains.kotlin.gradle.plugin.sources.DefaultKotlinSourceSetKt             : loaded 2 times (x 69B)
Class org.jetbrains.kotlin.gradle.tasks.CompileUsingKotlinDaemonWithNormalization     : loaded 2 times (x 68B)
Class com.google.common.collect.AbstractMapBasedMultimap$WrappedSet                   : loaded 2 times (x 140B)
Class kotlin.KotlinNullPointerException                                               : loaded 2 times (x 81B)
Class org.jetbrains.kotlin.gradle.tasks.KotlinJvmCompile$DefaultImpls                 : loaded 2 times (x 69B)
Class org.jetbrains.kotlin.gradle.plugin.sources.DefaultKotlinSourceSet$special$$inlined$Iterable$1: loaded 2 times (x 77B)
Class org.jetbrains.kotlin.gradle.plugin.diagnostics.KotlinGradleProjectCheckersRunnerKt: loaded 2 times (x 69B)
Class org.jetbrains.kotlin.gradle.plugin.StatisticsBuildFlowManager$subscribeForBuildResult$1: loaded 2 times (x 73B)
Class org.jetbrains.kotlin.statistics.BuildSession                                    : loaded 2 times (x 70B)
Class org.apache.commons.compress.archivers.ArchiveOutputStream                       : loaded 2 times (x 94B)
Class org.jetbrains.kotlin.gradle.plugin.BuildFinishFlowAction$Parameters             : loaded 2 times (x 68B)
Class org.jetbrains.kotlin.gradle.plugin.statistics.KotlinBuildStatsBeanService$Companion$initStatsService$1: loaded 2 times (x 77B)
Class org.apache.commons.compress.archivers.zip.ZipArchiveEntry                       : loaded 2 times (x 156B)
Class com.google.common.collect.ImmutableMapEntrySet                                  : loaded 2 times (x 149B)
Class org.jetbrains.kotlin.gradle.plugin.KotlinTargetWithTests                        : loaded 2 times (x 68B)
Class org.jetbrains.kotlin.gradle.plugin.mpp.compilationImpl.KotlinCompilationSourceSetInclusion$DefaultAddSourcesToCompileTask$addSources$1: loaded 2 times (x 77B)
Class org.jetbrains.kotlin.gradle.plugin.diagnostics.checkers.WasmJsEnvironmentChecker$1: loaded 2 times (x 76B)
Class org.jetbrains.kotlin.gradle.plugin.mpp.compilationImpl.KotlinCompilationSourceSetInclusion$DefaultAddSourcesToCompileTask$addSources$2: loaded 2 times (x 77B)
Class org.jetbrains.kotlin.gradle.plugin.KotlinTargetComponent                        : loaded 2 times (x 68B)
Class org.jetbrains.kotlin.gradle.plugin.diagnostics.checkers.WasmJsEnvironmentChecker$2: loaded 2 times (x 76B)
Class org.jetbrains.kotlin.gradle.plugin.sources.DefaultKotlinSourceSet$MetadataDependencyTransformation: loaded 2 times (x 70B)
Class org.jetbrains.kotlin.gradle.plugin.diagnostics.checkers.WasmJsEnvironmentChecker$3: loaded 2 times (x 76B)
Class org.jetbrains.kotlin.gradle.plugin.diagnostics.checkers.WasmJsEnvironmentChecker$4: loaded 2 times (x 76B)
Class com.google.common.cache.CacheLoader                                             : loaded 2 times (x 72B)
Class org.objectweb.asm.Opcodes                                                       : loaded 2 times (x 68B)
Class org.jetbrains.kotlin.gradle.plugin.mpp.KotlinUsageContext                       : loaded 2 times (x 68B)
Class org.jetbrains.kotlin.gradle.plugin.statistics.KotlinBuildStatsBeanService$Companion: loaded 2 times (x 69B)
Class com.google.common.io.Closer$SuppressingSuppressor                               : loaded 2 times (x 73B)
Class kotlin.io.NoSuchFileException                                                   : loaded 2 times (x 80B)
Class org.jetbrains.kotlin.gradle.internal.Kapt3GradleSubplugin$Companion             : loaded 2 times (x 69B)
Class org.jetbrains.kotlin.gradle.internal.properties.NativePropertiesLoader$isToolchainEnabled$1: loaded 2 times (x 73B)
Class com.google.common.collect.ImmutableBiMapFauxverideShim                          : loaded 2 times (x 118B)
Class kotlin.reflect.KAnnotatedElement                                                : loaded 2 times (x 68B)
Class org.jetbrains.kotlin.gradle.plugin.mpp.KotlinVariantWithCoordinates             : loaded 2 times (x 106B)
Class [Lorg.jetbrains.kotlin.statistics.metrics.BooleanAnonymizationPolicy;           : loaded 2 times (x 67B)
Class org.objectweb.asm.MethodTooLargeException                                       : loaded 2 times (x 81B)
Class kotlin.ranges.RangesKt___RangesKt                                               : loaded 2 times (x 69B)
Class com.google.common.collect.HashBiMap$Inverse                                     : loaded 2 times (x 140B)
Class org.jetbrains.kotlin.gradle.plugin.diagnostics.checkers.DisabledNativeTargetsChecker$runChecks$1: loaded 2 times (x 86B)
Class org.jetbrains.kotlin.gradle.utils.StoredPropertyKt$projectStoredProperty$1      : loaded 2 times (x 76B)
Class org.jetbrains.kotlin.gradle.targets.native.KotilnNativeConfigureBinariesSideEffectKt: loaded 2 times (x 69B)
Class org.apache.commons.compress.compressors.bzip2.BZip2Constants                    : loaded 2 times (x 68B)
Class org.jetbrains.kotlin.gradle.plugin.diagnostics.checkers.OverriddenKotlinNativeHomeChecker$StdlibExistenceCheckerValueSource$Companion: loaded 2 times (x 69B)
Class kotlin.collections.CollectionsKt___CollectionsKt                                : loaded 2 times (x 69B)
Class org.apache.commons.compress.archivers.zip.AsiExtraField                         : loaded 2 times (x 98B)
Class org.jetbrains.kotlin.gradle.utils.GradleUtilsKt                                 : loaded 2 times (x 69B)
Class org.jetbrains.kotlin.gradle.plugin.statistics.old.Pre232IdeaKotlinBuildStatsBeanService: loaded 2 times (x 93B)
Class com.google.common.cache.Cache                                                   : loaded 2 times (x 68B)
Class org.apache.commons.compress.archivers.zip.PKWareExtraHeader                     : loaded 2 times (x 88B)
Class com.google.common.collect.Maps$EntrySet                                         : loaded 2 times (x 134B)
Class org.jetbrains.kotlin.gradle.plugin.mpp.AbstractKotlinCompilationToRunnableFiles : loaded 2 times (x 194B)
Class kotlin.UNINITIALIZED_VALUE                                                      : loaded 2 times (x 69B)
Class org.gradle.internal.classloader.SystemClassLoaderSpec                           : loaded 2 times (x 69B)
Class com.google.common.io.LineBuffer                                                 : loaded 2 times (x 73B)
Class org.jetbrains.kotlin.gradle.plugin.LanguageSettingsBuilder                      : loaded 2 times (x 68B)
Class org.jetbrains.kotlin.gradle.targets.native.ConfigureFrameworkExportSideEffectKt$special$$inlined$KotlinTargetSideEffect$1: loaded 2 times (x 72B)
Class org.jetbrains.kotlin.gradle.targets.native.toolchain.UsesKotlinNativeBundleBuildService: loaded 2 times (x 68B)
Class org.jetbrains.kotlin.statistics.metrics.OrMetricContainer                       : loaded 2 times (x 78B)
Class org.jetbrains.kotlin.statistics.metrics.StringAnonymizationPolicy$ComponentVersionAnonymizer: loaded 2 times (x 76B)
Class com.google.common.util.concurrent.internal.InternalFutureFailureAccess          : loaded 2 times (x 70B)
Class org.jetbrains.kotlin.build.report.metrics.BuildAttributeKind$Companion          : loaded 2 times (x 69B)
Class [Lkotlin.reflect.KCallable;                                                     : loaded 2 times (x 67B)
Class org.jetbrains.kotlin.gradle.plugin.KotlinSourceSetTree                          : loaded 2 times (x 70B)
Class org.jetbrains.kotlin.gradle.plugin.VariantImplementationFactories$VariantImplementationFactory: loaded 2 times (x 68B)
Class com.google.common.io.CharSource$StringCharSource                                : loaded 2 times (x 84B)
Class org.jetbrains.kotlin.build.report.metrics.BuildAttribute                        : loaded 2 times (x 77B)
Class com.google.common.base.Charsets                                                 : loaded 2 times (x 69B)
Class com.google.common.primitives.Ints$IntConverter                                  : loaded 2 times (x 88B)
Class org.jetbrains.kotlin.gradle.plugin.mpp.compilationImpl.factory.ConfigurationNaming$Default: loaded 2 times (x 73B)
Class org.jetbrains.kotlin.gradle.plugin.KotlinGradleBuildServices$Parameters$Inject  : loaded 2 times (x 104B)
Class org.jetbrains.kotlin.gradle.utils.FileUtilsKt$localProperties$1                 : loaded 2 times (x 73B)
Class com.google.common.collect.SingletonImmutableSet                                 : loaded 2 times (x 144B)
Class com.google.common.collect.Interners$InternerBuilder                             : loaded 2 times (x 74B)
Class [Lcom.google.common.base.AbstractIterator$State;                                : loaded 2 times (x 67B)
Class org.jetbrains.kotlin.gradle.plugin.mpp.compilationImpl.KotlinCompilationSourceSetInclusion$AddSourcesToCompileTask: loaded 2 times (x 68B)
Class org.jetbrains.kotlin.konan.util.Named                                           : loaded 2 times (x 68B)
Class org.jetbrains.kotlin.gradle.plugin.KotlinBasePluginWrapper                      : loaded 2 times (x 84B)
Class org.jetbrains.kotlin.gradle.plugin.mpp.compilationImpl.KotlinCreateCompilationArchiveTaskKt$KotlinRegisterCompilationArchiveTasksExtension$1: loaded 2 times (x 72B)
Class com.google.common.collect.ImmutableMap$Builder                                  : loaded 2 times (x 80B)
Class com.google.common.io.LineReader$1                                               : loaded 2 times (x 73B)
Class org.jetbrains.kotlin.gradle.tasks.configuration.TaskConfigAction                : loaded 2 times (x 70B)
Class kotlin.io.FileAlreadyExistsException                                            : loaded 2 times (x 80B)
Class com.google.common.base.AbstractIterator                                         : loaded 2 times (x 78B)
Class org.jetbrains.kotlin.konan.target.KonanTarget$WATCHOS_X64                       : loaded 2 times (x 76B)
Class org.jetbrains.kotlin.compilerRunner.GradleCliCommonizerKt$maybeCreateCommonizerClasspathConfiguration$1$1: loaded 2 times (x 73B)
Class org.jetbrains.kotlin.gradle.plugin.mpp.KotlinJvmAndroidCompilation              : loaded 2 times (x 196B)
Class org.jetbrains.kotlin.gradle.dsl.KotlinProjectExtension                          : loaded 2 times (x 120B)
Class org.apache.commons.compress.archivers.zip.ZipFile$StoredStatisticsStream        : loaded 2 times (x 97B)
Class org.jetbrains.kotlin.gradle.internal.IdeaKt                                     : loaded 2 times (x 69B)
Class org.jetbrains.kotlin.gradle.plugin.KotlinPlatformType$CompatibilityRule         : loaded 2 times (x 74B)
Class org.jetbrains.kotlin.gradle.dsl.KotlinGradlePluginDsl                           : loaded 2 times (x 68B)
Class org.objectweb.asm.ClassWriter                                                   : loaded 2 times (x 104B)
Class org.jetbrains.kotlin.gradle.tasks.KotlinJavaToolchain$JdkSetter                 : loaded 2 times (x 68B)
Class org.jetbrains.kotlin.gradle.targets.js.npm.NpmDependency                        : loaded 2 times (x 95B)
Class org.jetbrains.kotlin.gradle.plugin.AbstractKotlinMultiplatformPluginWrapper     : loaded 2 times (x 84B)
Class org.jetbrains.kotlin.gradle.plugin.KotlinGradleFinishBuildHandler               : loaded 2 times (x 70B)
Class org.jetbrains.kotlin.gradle.plugin.mpp.MppSourcesJarKt                          : loaded 2 times (x 69B)
Class org.jetbrains.kotlin.gradle.plugin.internal.UsesBuildIdProviderService          : loaded 2 times (x 68B)
Class org.jetbrains.kotlin.gradle.internal.KotlinDomApiDependencyManagementKt$configureKotlinDomApiDefaultDependency$1: loaded 2 times (x 77B)
Class org.jetbrains.kotlin.gradle.targets.js.dsl.KotlinWasmSubTargetContainerDsl      : loaded 2 times (x 68B)
Class org.jetbrains.kotlin.gradle.plugin.diagnostics.ToolingDiagnosticFactory         : loaded 2 times (x 71B)
Class org.jetbrains.kotlin.gradle.plugin.mpp.SyncLanguageSettingsWithKotlinExtensionSetupActionKt: loaded 2 times (x 69B)
Class org.apache.commons.compress.archivers.zip.ZipUtil                               : loaded 2 times (x 69B)
Class org.jetbrains.kotlin.gradle.plugin.sources.KotlinDependencyScope$Companion      : loaded 2 times (x 69B)
Class org.jetbrains.kotlin.gradle.plugin.mpp.InternalKotlinTargetKt$special$$inlined$extrasStoredFuture$1: loaded 2 times (x 77B)
Class org.jetbrains.kotlin.gradle.plugin.mpp.compilationImpl.KotlinCreateLifecycleTasksSideEffectKt$KotlinCreateLifecycleTasksSideEffect$1: loaded 2 times (x 72B)
Class org.jetbrains.kotlin.gradle.targets.native.toolchain.KotlinNativeBundleBuildService$Companion: loaded 2 times (x 69B)
Class org.jetbrains.kotlin.gradle.plugin.KotlinGradleBuildServices$Companion$registerIfAbsent$1: loaded 2 times (x 73B)
Class com.google.common.collect.Range                                                 : loaded 2 times (x 85B)
Class org.jetbrains.kotlin.gradle.plugin.hierarchy.KotlinSourceSetTreeClassifierKt$classify$1: loaded 2 times (x 86B)
Class org.jetbrains.kotlin.gradle.plugin.KotlinProjectSetupActionKt$KotlinProjectSetupCoroutine$1: loaded 2 times (x 73B)
Class com.google.common.base.AbstractIterator$1                                       : loaded 2 times (x 69B)
Class kotlin.jvm.internal.FunctionBase                                                : loaded 2 times (x 68B)
Class kotlin.collections.SetsKt                                                       : loaded 2 times (x 69B)
Class org.jetbrains.kotlin.gradle.internal.KotlinTestDependencyManagementKt$maybeAddTestDependencyCapability$1: loaded 2 times (x 73B)
Class org.jetbrains.kotlin.gradle.plugin.diagnostics.checkers.IncorrectCompileOnlyDependenciesChecker$runChecks$1: loaded 2 times (x 86B)
Class org.apache.commons.compress.archivers.zip.ZipExtraField                         : loaded 2 times (x 68B)
Class org.jetbrains.kotlin.gradle.plugin.diagnostics.checkers.UnusedSourceSetsChecker$runChecks$1: loaded 2 times (x 86B)
Class kotlin.Function                                                                 : loaded 2 times (x 68B)
Class [Lcom.google.common.cache.CacheBuilder$OneWeigher;                              : loaded 2 times (x 67B)
Class com.google.common.collect.ComparisonChain$1                                     : loaded 2 times (x 79B)
Class org.jetbrains.kotlin.gradle.plugin.internal.BuildIdService$Companion            : loaded 2 times (x 69B)
Class org.jetbrains.kotlin.gradle.targets.js.npm.NpmDependency$Scope                  : loaded 2 times (x 77B)
Class com.google.common.collect.Iterators                                             : loaded 2 times (x 69B)
Class org.jetbrains.kotlin.gradle.plugin.mpp.KotlinUsages$KotlinMetadataDisambiguation: loaded 2 times (x 74B)
Class com.google.common.base.CharMatcher$Ascii                                        : loaded 2 times (x 110B)
Class com.google.common.base.CharMatcher$1                                            : loaded 2 times (x 111B)
Class org.jetbrains.kotlin.gradle.plugin.mpp.KotlinCompilationFactory                 : loaded 2 times (x 68B)
Class com.google.common.cache.LocalCache$ComputingValueReference                      : loaded 2 times (x 94B)
Class org.jetbrains.kotlin.gradle.tasks.DefaultKotlinJavaToolchain$Companion$wireJvmTargetToToolchain$1: loaded 2 times (x 73B)
Class com.google.common.cache.LocalCache$SoftValueReference                           : loaded 2 times (x 95B)
Class org.jetbrains.kotlin.compilerRunner.KotlinCompilerArgumentsLogLevel$Companion   : loaded 2 times (x 69B)
Class org.jetbrains.kotlin.cli.common.arguments.CommonCompilerArguments               : loaded 2 times (x 78B)
Class org.jetbrains.kotlin.gradle.tasks.DefaultKotlinJavaToolchain$Companion$wireJvmTargetToToolchain$2: loaded 2 times (x 73B)
Class com.google.common.collect.ImmutableList$SerializedForm                          : loaded 2 times (x 71B)
Class org.jetbrains.kotlin.gradle.dsl.KotlinJvmOptions                                : loaded 2 times (x 68B)
Class org.gradle.api.UncheckedIOException                                             : loaded 2 times (x 80B)
Class org.jetbrains.kotlin.gradle.plugin.diagnostics.checkers.AndroidSourceSetLayoutV1SourceSetsNotFoundChecker$runChecks$1: loaded 2 times (x 86B)
Class com.google.common.base.CharMatcher$And                                          : loaded 2 times (x 110B)
Class org.jetbrains.kotlin.gradle.tasks.KotlinCompile_Decorated                       : loaded 2 times (x 597B)
Class org.jetbrains.kotlin.gradle.plugin.internal.state.TaskLoggers                   : loaded 2 times (x 69B)
Class org.jetbrains.kotlin.gradle.plugin.KotlinTargetsContainerWithPresets            : loaded 2 times (x 68B)
Class org.jetbrains.kotlin.statistics.metrics.StringMetrics$Companion                 : loaded 2 times (x 69B)
Class org.jetbrains.kotlin.gradle.plugin.mpp.ApplyUserDefinedAttributesKt             : loaded 2 times (x 69B)
Class kotlin.io.FilesKt__FileReadWriteKt                                              : loaded 2 times (x 69B)
Class [Lcom.google.common.io.FileWriteMode;                                           : loaded 2 times (x 67B)
Class com.google.common.io.Files$FileByteSink                                         : loaded 2 times (x 75B)
Class org.jetbrains.kotlin.statistics.metrics.ConcatMetricContainer                   : loaded 2 times (x 75B)
Class org.jetbrains.kotlin.gradle.utils.MutableObservableSet                          : loaded 2 times (x 68B)
Class com.google.common.collect.IndexedImmutableSet                                   : loaded 2 times (x 148B)
Class org.jetbrains.kotlin.gradle.plugin.KotlinCompilation$DefaultImpls               : loaded 2 times (x 69B)
Class org.jetbrains.kotlin.gradle.internal.KotlinDomApiDependencyManagementKt$addKotlinDomApiDependency$1: loaded 2 times (x 73B)
Class org.jetbrains.kotlin.konan.target.KonanTarget$ANDROID_ARM64                     : loaded 2 times (x 76B)
Class org.jetbrains.kotlin.konan.target.KonanTarget$WATCHOS_DEVICE_ARM64              : loaded 2 times (x 76B)
Class org.jetbrains.kotlin.gradle.plugin.diagnostics.checkers.DisabledNativeTargetsChecker: loaded 2 times (x 72B)
Class org.jetbrains.kotlin.gradle.internal.properties.NativePropertiesLoader$actualNativeHomeDirectory$1: loaded 2 times (x 73B)
Class org.jetbrains.kotlin.gradle.plugin.internal.ConfigurationCacheStartParameterAccessorKt: loaded 2 times (x 69B)
Class org.jetbrains.kotlin.gradle.internal.properties.NativePropertiesLoader$actualNativeHomeDirectory$2: loaded 2 times (x 72B)
Class com.google.common.base.ExtraObjectsMethodsForWeb                                : loaded 2 times (x 69B)
Class org.jetbrains.kotlin.gradle.internal.properties.NativePropertiesLoader$actualNativeHomeDirectory$3: loaded 2 times (x 73B)
Class org.jetbrains.kotlin.gradle.plugin.statistics.DaemonReuseCounter                : loaded 2 times (x 74B)
Class org.apache.commons.compress.archivers.zip.X7875_NewUnix                         : loaded 2 times (x 90B)
Class org.jetbrains.kotlin.gradle.plugin.diagnostics.KotlinToolingDiagnosticsSetupActionKt: loaded 2 times (x 69B)
Class org.jetbrains.kotlin.gradle.plugin.internal.DefaultProjectIsolationStartParameterAccessor$Factory: loaded 2 times (x 74B)
Class org.jetbrains.kotlin.gradle.plugin.KotlinPluginWrapperKt$kotlinToolingVersion$2 : loaded 2 times (x 76B)
Class com.google.common.collect.ForwardingCollection                                  : loaded 2 times (x 128B)
Class org.jetbrains.kotlin.gradle.utils.StoredPropertyKt                              : loaded 2 times (x 69B)
Class org.jetbrains.kotlin.gradle.plugin.KotlinSourceSetContainer                     : loaded 2 times (x 68B)
Class org.jetbrains.kotlin.gradle.tasks.DefaultKotlinJavaToolchain$DefaultJavaToolchainSetter$useAsConvention$1: loaded 2 times (x 73B)
Class org.jetbrains.kotlin.gradle.plugin.internal.ProjectIsolationStartParameterAccessor$Factory: loaded 2 times (x 68B)
Class [Lkotlin.jvm.functions.Function1;                                               : loaded 2 times (x 67B)
Class org.jetbrains.kotlin.statistics.metrics.NumberOverridePolicy$OVERRIDE           : loaded 2 times (x 83B)
Class org.jetbrains.kotlin.statistics.metrics.StringOverridePolicy$CONCAT             : loaded 2 times (x 83B)
Class org.jetbrains.kotlin.tooling.core.Extras$Key                                    : loaded 2 times (x 70B)
Class build_2ny9b0fbbarvl1jz89uyg3ozj                                                 : loaded 2 times (x 178B)
Class org.jetbrains.kotlin.gradle.tasks.K2MultiplatformCompilationTask                : loaded 2 times (x 68B)
Class org.jetbrains.kotlin.gradle.artifacts.KotlinNativeHostSpecificMetadataArtifactKt$KotlinNativeHostSpecificMetadataArtifact$1: loaded 2 times (x 72B)
Class org.jetbrains.kotlin.gradle.targets.js.npm.NpmDependencyExtensionKt$AddNpmDependencyExtensionProjectSetupAction$1: loaded 2 times (x 72B)
Class com.google.common.collect.IndexedImmutableSet$1                                 : loaded 2 times (x 172B)
Class org.jetbrains.kotlin.gradle.ExternalKotlinTargetApi                             : loaded 2 times (x 68B)
Class org.apache.commons.compress.archivers.zip.ZipFile$NameAndComment                : loaded 2 times (x 70B)
Class com.google.common.collect.AbstractListMultimap                                  : loaded 2 times (x 170B)
Class com.google.common.base.CharMatcher$Any                                          : loaded 2 times (x 110B)
Class kotlin.collections.ArraysKt__ArraysJVMKt                                        : loaded 2 times (x 69B)
Class kotlin.collections.AbstractCollection                                           : loaded 2 times (x 115B)
Class org.jetbrains.kotlin.gradle.plugin.mpp.compilationImpl.KotlinCompilationImpl$associateWith$2: loaded 2 times (x 77B)
Class com.google.common.cache.LocalCache$Strength                                     : loaded 2 times (x 79B)
Class org.apache.commons.compress.archivers.zip.NioZipEncoding                        : loaded 2 times (x 82B)
Class org.jetbrains.kotlin.gradle.plugin.diagnostics.CheckKotlinGradlePluginConfigurationErrorsKt: loaded 2 times (x 69B)
Class org.jetbrains.kotlin.gradle.tooling.BuildKotlinToolingMetadataTaskKt$buildKotlinToolingMetadataTask$1: loaded 2 times (x 76B)
Class org.apache.commons.compress.archivers.EntryStreamOffsets                        : loaded 2 times (x 68B)
Class org.apache.commons.compress.archivers.zip.ZipArchiveOutputStream                : loaded 2 times (x 114B)
Class org.jetbrains.kotlin.gradle.utils.FailuresKt                                    : loaded 2 times (x 69B)
Class com.google.common.collect.AbstractMapBasedMultimap$KeySet                       : loaded 2 times (x 135B)
Class org.jetbrains.kotlin.gradle.plugin.mpp.KotlinTargetSoftwareComponentImplKt      : loaded 2 times (x 69B)
Class org.jetbrains.kotlin.gradle.plugin.KotlinPluginLifecycle$ProjectConfigurationResult$Failure: loaded 2 times (x 70B)
Class kotlin.collections.AbstractList                                                 : loaded 2 times (x 157B)
Class org.jetbrains.kotlin.gradle.utils.ConfigurationCacheKt                          : loaded 2 times (x 69B)
Class com.google.common.collect.SortedIterable                                        : loaded 2 times (x 68B)
Class org.jetbrains.kotlin.gradle.dsl.KotlinTargetContainerWithNativeShortcuts        : loaded 2 times (x 68B)
Class org.apache.commons.compress.archivers.zip.ExtraFieldParsingBehavior             : loaded 2 times (x 68B)
Class com.google.common.collect.ArrayListMultimapGwtSerializationDependencies         : loaded 2 times (x 170B)
Class kotlin.Unit                                                                     : loaded 2 times (x 69B)
Class com.google.common.base.CharMatcher$RangesMatcher                                : loaded 2 times (x 110B)
Class com.google.common.collect.AbstractMapBasedMultimap$RandomAccessWrappedList      : loaded 2 times (x 165B)
Class org.jetbrains.kotlin.gradle.plugin.mpp.compilationImpl.KotlinCompilationImpl$Params: loaded 2 times (x 70B)
Class org.objectweb.asm.Handler                                                       : loaded 2 times (x 70B)
Class org.gradle.api.internal.classpath.GlobalCacheRootsProvider                      : loaded 2 times (x 68B)
Class org.jetbrains.kotlin.gradle.plugin.mpp.SyncLanguageSettingsWithKotlinExtensionSetupActionKt$SyncLanguageSettingsWithKotlinExtensionSetupAction$1$1: loaded 2 times (x 73B)
Class org.jetbrains.kotlin.gradle.plugin.mpp.SyncLanguageSettingsWithKotlinExtensionSetupActionKt$SyncLanguageSettingsWithKotlinExtensionSetupAction$1$2: loaded 2 times (x 73B)
Class org.jetbrains.kotlin.gradle.plugin.ProjectLocalConfigurationsKt                 : loaded 2 times (x 69B)
Class kotlin.collections.CollectionsKt                                                : loaded 2 times (x 69B)
Class com.google.common.collect.ImmutableSortedSet$Builder                            : loaded 2 times (x 84B)
Class org.jetbrains.kotlin.gradle.tasks.configuration.AbstractKotlinCompileConfig$2$1 : loaded 2 times (x 77B)
Class org.apache.commons.compress.archivers.zip.ExtraFieldUtils$UnparseableExtraField : loaded 2 times (x 72B)
Class kotlin.collections.ArraysKt___ArraysJvmKt                                       : loaded 2 times (x 69B)
Class org.jetbrains.kotlin.gradle.dsl.KotlinJvmCompilerOptionsHelper                  : loaded 2 times (x 69B)
Class org.jetbrains.kotlin.gradle.tasks.configuration.AbstractKotlinCompileConfig$2$3 : loaded 2 times (x 73B)
Class org.jetbrains.kotlin.gradle.plugin.mpp.ApplyUserDefinedAttributesKt$UserDefinedAttributesSetupAction$1$1$3: loaded 2 times (x 73B)
Class com.google.common.collect.ImmutableList$SubList                                 : loaded 2 times (x 168B)
Class kotlin.collections.CollectionsKt___CollectionsJvmKt                             : loaded 2 times (x 69B)
Class org.jetbrains.kotlin.gradle.tasks.configuration.AbstractKotlinCompileConfig$2$4 : loaded 2 times (x 73B)
Class [Lorg.jetbrains.kotlin.konan.util.Named;                                        : loaded 2 times (x 67B)
Class org.jetbrains.kotlin.gradle.plugin.diagnostics.checkers.CommonMainOrTestWithDependsOnChecker: loaded 2 times (x 72B)
Class com.google.common.collect.Iterators$MergingIterator                             : loaded 2 times (x 79B)
Class org.jetbrains.kotlin.gradle.internal.transforms.BuildToolsApiClasspathEntrySnapshotTransform$Parameters$Inject: loaded 2 times (x 116B)
Class [Lorg.apache.commons.compress.archivers.ArchiveEntry;                           : loaded 2 times (x 67B)
Class org.jetbrains.kotlin.gradle.plugin.mpp.KotlinUsages$setupAttributesMatchingStrategy$1: loaded 2 times (x 72B)
Class com.google.common.cache.LocalCache$ValueReference                               : loaded 2 times (x 68B)
Class com.google.common.collect.CollectSpliterators                                   : loaded 2 times (x 69B)
Class org.apache.commons.compress.archivers.zip.ZipSplitOutputStream                  : loaded 2 times (x 87B)
Class org.jetbrains.kotlin.gradle.dsl.KotlinTopLevelExtension                         : loaded 2 times (x 68B)
Class org.apache.commons.compress.archivers.zip.UnicodePathExtraField                 : loaded 2 times (x 91B)
Class org.objectweb.asm.ClassReader                                                   : loaded 2 times (x 91B)
Class org.jetbrains.kotlin.gradle.dsl.JvmTarget                                       : loaded 2 times (x 77B)
Class org.jetbrains.kotlin.gradle.plugin.diagnostics.checkers.WasmSourceSetsNotFoundChecker$runChecks$1: loaded 2 times (x 86B)
Class org.jetbrains.kotlin.gradle.utils.ObservableSet                                 : loaded 2 times (x 68B)
Class com.google.common.io.Java8Compatibility                                         : loaded 2 times (x 69B)
Class org.jetbrains.kotlin.gradle.plugin.mpp.MppSourcesJarKt$sourcesJarTaskNamed$result$1: loaded 2 times (x 77B)
Class org.jetbrains.kotlin.gradle.utils.KotlinExtensionUtilsKt$forAllTargets$1        : loaded 2 times (x 93B)
Class org.gradle.internal.classloader.ClasspathUtil                                   : loaded 2 times (x 69B)
Class kotlin.ranges.RangesKt__RangesKt                                                : loaded 2 times (x 69B)
Class org.jetbrains.kotlin.gradle.plugin.statistics.BuildFusService$Companion$registerIfAbsent$1$1$1: loaded 2 times (x 73B)
Class com.google.common.collect.UsingToStringOrdering                                 : loaded 2 times (x 112B)
Class org.jetbrains.kotlin.gradle.internal.StdlibDependencyManagementKt$configureStdlibVersionAlignment$1: loaded 2 times (x 73B)
Class org.objectweb.asm.CurrentFrame                                                  : loaded 2 times (x 71B)
Class com.google.common.util.concurrent.AbstractFuture                                : loaded 2 times (x 93B)
Class kotlin.NotImplementedError                                                      : loaded 2 times (x 80B)
Class org.jetbrains.kotlin.gradle.targets.native.internal.CommonizerTasksKt           : loaded 2 times (x 69B)
Class org.jetbrains.kotlin.gradle.plugin.KotlinPluginLifecycleImpl$WhenMappings       : loaded 2 times (x 69B)
Class [Lorg.apache.commons.compress.archivers.zip.ZipArchiveEntry$CommentSource;      : loaded 2 times (x 67B)
Class org.jetbrains.kotlin.gradle.targets.native.toolchain.KotlinNativeBundleBuildService$Companion$registerIfAbsent$1: loaded 2 times (x 73B)
Class org.jetbrains.kotlin.gradle.plugin.BuildEventsListenerRegistryHolder$Companion  : loaded 2 times (x 69B)
Class org.jetbrains.kotlin.gradle.dsl.KotlinCommonCompilerToolOptions                 : loaded 2 times (x 68B)
Class org.jetbrains.kotlin.gradle.utils.GradleConfigurationUtilsKt$addGradlePluginMetadataAttributes$1: loaded 2 times (x 73B)
Class org.jetbrains.kotlin.tooling.core.HasMutableExtras                              : loaded 2 times (x 68B)
Class org.apache.commons.compress.archivers.zip.UnshrinkingInputStream                : loaded 2 times (x 121B)
Class org.jetbrains.kotlin.gradle.tasks.CompileUsingKotlinDaemon                      : loaded 2 times (x 68B)
Class org.jetbrains.kotlin.gradle.plugin.RegisterKotlinPluginExtensionsKt             : loaded 2 times (x 69B)
Class org.jetbrains.kotlin.gradle.plugin.statistics.BuildFusService$Parameters_Decorated: loaded 2 times (x 141B)
Class org.jetbrains.kotlin.gradle.internal.transforms.BuildToolsApiClasspathEntrySnapshotTransform$Inject1: loaded 2 times (x 111B)
Class org.jetbrains.kotlin.gradle.dsl.KotlinCommonCompilerOptionsHelper               : loaded 2 times (x 69B)
Class org.jetbrains.kotlin.gradle.tasks.KotlinCompile$javaSources$1                   : loaded 2 times (x 73B)
Class org.jetbrains.kotlin.gradle.plugin.StatisticsBuildFlowManager$subscribeForBuildResult$1$1: loaded 2 times (x 72B)
Class kotlin.collections.CollectionsKt__IteratorsKt                                   : loaded 2 times (x 69B)
Class com.google.common.base.Splitter$1                                               : loaded 2 times (x 75B)
Class com.google.common.collect.ReverseOrdering                                       : loaded 2 times (x 113B)
Class org.jetbrains.kotlin.konan.target.KonanTarget$MACOS_ARM64                       : loaded 2 times (x 76B)
Class org.jetbrains.kotlin.compilerRunner.GradleCliCommonizerKt                       : loaded 2 times (x 69B)
Class com.google.common.collect.TransformedListIterator                               : loaded 2 times (x 91B)
Class org.jetbrains.kotlin.gradle.internal.transforms.BuildToolsApiClasspathEntrySnapshotTransform: loaded 2 times (x 80B)
Class com.google.common.cache.LocalCache$ValueIterator                                : loaded 2 times (x 84B)
Class com.google.common.base.Ticker$1                                                 : loaded 2 times (x 70B)
Class com.google.common.collect.Maps$BiMapConverter                                   : loaded 2 times (x 88B)
Class org.gradle.api.internal.DefaultClassPathRegistry                                : loaded 2 times (x 74B)
Class org.jetbrains.kotlin.gradle.plugin.KotlinProjectSetupAction                     : loaded 2 times (x 68B)
Class org.jetbrains.kotlin.gradle.dsl.ToolchainSupport$Companion                      : loaded 2 times (x 69B)
Class com.google.common.collect.ImmutableSortedMap                                    : loaded 2 times (x 176B)
Class com.google.common.collect.AbstractIterator$State                                : loaded 2 times (x 77B)
Class [Lorg.apache.commons.compress.archivers.zip.ExtraFieldParsingBehavior;          : loaded 2 times (x 67B)
Class org.jetbrains.kotlin.gradle.dsl.IosSourceSetConventionChecker$runChecks$1       : loaded 2 times (x 86B)
Class [Lorg.objectweb.asm.Symbol;                                                     : loaded 2 times (x 67B)
Class com.google.common.util.concurrent.AbstractFuture$Cancellation                   : loaded 2 times (x 70B)
Class com.google.common.collect.Multimaps$Entries                                     : loaded 2 times (x 116B)
Class com.google.common.collect.Interner                                              : loaded 2 times (x 68B)
Class com.google.common.base.Predicates                                               : loaded 2 times (x 69B)
Class org.jetbrains.kotlin.gradle.plugin.mpp.compilationImpl.CreateCInteropTasksSideEffectKt: loaded 2 times (x 69B)
Class org.jetbrains.kotlin.gradle.plugin.internal.CompatibilityConventionRegistrar    : loaded 2 times (x 68B)
Class com.google.common.collect.ImmutableSet$SetBuilderImpl                           : loaded 2 times (x 74B)
Class org.jetbrains.kotlin.gradle.dsl.KotlinProjectExtension$awaitSourceSets$1        : loaded 2 times (x 86B)
Class org.jetbrains.kotlin.gradle.targets.ConfigureBuildSideEffectKt$ConfigureBuildSideEffect$1: loaded 2 times (x 72B)
Class org.jetbrains.kotlin.gradle.plugin.mpp.KotlinMetadataTarget                     : loaded 2 times (x 165B)
Class org.jetbrains.kotlin.gradle.plugin.KotlinGradleBuildServices$Parameters_Decorated: loaded 2 times (x 132B)
Class org.jetbrains.kotlin.gradle.plugin.internal.DefaultCompatibilityConventionRegistrar$Factory: loaded 2 times (x 74B)
Class org.jetbrains.kotlin.statistics.metrics.NumberAnonymizationPolicy               : loaded 2 times (x 83B)
Class org.gradle.api.internal.classpath.DefaultModuleRegistry$DefaultModule           : loaded 2 times (x 84B)
Class org.apache.commons.compress.archivers.zip.ZipFile$Entry                         : loaded 2 times (x 156B)
Class org.jetbrains.kotlin.gradle.plugin.diagnostics.checkers.KotlinTargetAlreadyDeclaredChecker$runChecks$1: loaded 2 times (x 86B)
Class org.jetbrains.kotlin.gradle.targets.native.SetupEmbedAndSignAppleFrameworkTaskSideEffectKt: loaded 2 times (x 69B)
Class com.google.common.io.LineReader                                                 : loaded 2 times (x 70B)
Class org.jetbrains.kotlin.gradle.plugin.diagnostics.checkers.MissingNativeStdlibChecker$runChecks$1: loaded 2 times (x 86B)
Class org.jetbrains.kotlin.gradle.plugin.mpp.KotlinVariant                            : loaded 2 times (x 99B)
Class com.google.common.base.CharMatcher$JavaIsoControl                               : loaded 2 times (x 110B)
Class org.jetbrains.kotlin.gradle.utils.StoredLazyProperty                            : loaded 2 times (x 73B)
Class com.google.common.collect.ImmutableMap$1                                        : loaded 2 times (x 79B)
Class org.jetbrains.kotlin.gradle.plugin.DefaultKotlinBasePlugin$addKotlinCompilerConfiguration$2$1$1$1: loaded 2 times (x 73B)
Class org.jetbrains.kotlin.gradle.utils.WhenPluginEnabledKt$whenPluginsEnabled$1      : loaded 2 times (x 73B)
Class [Lorg.apache.commons.compress.archivers.zip.ZipExtraField;                      : loaded 2 times (x 67B)
Class org.jetbrains.kotlin.gradle.targets.js.npm.NpmDependencyExtension               : loaded 2 times (x 68B)
Class org.jetbrains.kotlin.gradle.tasks.DefaultKotlinJavaToolchain$Companion          : loaded 2 times (x 69B)
Class org.jetbrains.kotlin.gradle.tasks.K2MultiplatformStructure$Fragment             : loaded 2 times (x 70B)
Class org.jetbrains.kotlin.gradle.plugin.diagnostics.checkers.AndroidPluginWithoutAndroidTargetChecker: loaded 2 times (x 72B)
Class org.jetbrains.kotlin.gradle.targets.js.npm.PeerNpmDependencyExtension           : loaded 2 times (x 68B)
Class org.jetbrains.kotlin.gradle.plugin.PropertiesProvider$localProperties$2         : loaded 2 times (x 77B)
Class org.jetbrains.kotlin.gradle.plugin.UsesBuildFinishedListenerService             : loaded 2 times (x 68B)
Class org.jetbrains.kotlin.gradle.internal.KotlinDependenciesManagementKt$CustomizeKotlinDependenciesSetupAction$1: loaded 2 times (x 72B)
Class org.jetbrains.kotlin.tooling.core.TypeUtils$WhenMappings                        : loaded 2 times (x 69B)
Class org.jetbrains.kotlin.konan.target.KonanTarget                                   : loaded 2 times (x 76B)
Class org.jetbrains.kotlin.gradle.plugin.KotlinPlatformType                           : loaded 2 times (x 80B)
Class com.google.common.base.CharMatcher$Or                                           : loaded 2 times (x 110B)
Class org.jetbrains.kotlin.gradle.plugin.mpp.compilationImpl.factory.CompositePostConfigure: loaded 2 times (x 73B)
Class [Lorg.jetbrains.kotlin.gradle.plugin.HasProject;                                : loaded 2 times (x 67B)
Class org.jetbrains.kotlin.gradle.plugin.internal.DefaultConfigurationCacheStartParameterAccessorVariantFactory: loaded 2 times (x 74B)
Class org.jetbrains.kotlin.gradle.utils.CompilerOptionsKt$configureExperimentalTryNext$1$1: loaded 2 times (x 76B)
Class com.google.common.collect.ImmutableSortedAsList                                 : loaded 2 times (x 180B)
Class org.jetbrains.kotlin.gradle.plugin.mpp.KotlinMetadataCompilation                : loaded 2 times (x 68B)
Class org.jetbrains.kotlin.gradle.plugin.sources.KotlinDependencyScope                : loaded 2 times (x 77B)
Class org.jetbrains.kotlin.gradle.tasks.configuration.BaseKotlinCompileConfig$configureCommonParameters$1: loaded 2 times (x 72B)
Class org.jetbrains.kotlin.gradle.utils.ResourceUtilsKt                               : loaded 2 times (x 69B)
Class kotlin.text.StringsKt__StringsKt                                                : loaded 2 times (x 69B)
Class org.jetbrains.kotlin.gradle.tasks.configuration.BaseKotlinCompileConfig$configureCommonParameters$2: loaded 2 times (x 73B)
Class org.jetbrains.kotlin.gradle.plugin.AbstractKotlinJsPluginWrapper                : loaded 2 times (x 84B)
Class kotlin.comparisons.ComparisonsKt___ComparisonsKt                                : loaded 2 times (x 69B)
Class org.jetbrains.kotlin.gradle.plugin.statistics.KotlinBuildStatisticsUtilsKt      : loaded 2 times (x 69B)
Class [Lorg.jetbrains.kotlin.gradle.plugin.sources.KotlinDependencyScope;             : loaded 2 times (x 67B)
Class org.jetbrains.kotlin.gradle.utils.ConfigurationsKt$maybeCreateDependencyScope$1 : loaded 2 times (x 76B)
Class org.jetbrains.kotlin.gradle.plugin.KotlinJsPluginWrapper                        : loaded 2 times (x 84B)
Class com.google.common.base.Suppliers$SupplierOfInstance                             : loaded 2 times (x 77B)
Class [Lorg.jetbrains.kotlin.gradle.dsl.jvm.JvmTargetValidationMode;                  : loaded 2 times (x 67B)
Class org.jetbrains.kotlin.gradle.tasks.configuration.AbstractKotlinCompileConfig$1$1 : loaded 2 times (x 72B)
Class org.jetbrains.kotlin.konan.target.KonanTarget$TVOS_ARM64                        : loaded 2 times (x 76B)
Class org.objectweb.asm.RecordComponentVisitor                                        : loaded 2 times (x 75B)
Class org.jetbrains.kotlin.gradle.tasks.configuration.AbstractKotlinCompileConfig$1$2 : loaded 2 times (x 72B)
Class org.jetbrains.kotlin.tooling.core.Extras$Entry$Companion                        : loaded 2 times (x 69B)
Class [Lcom.google.common.collect.MapMakerInternalMap$Segment;                        : loaded 2 times (x 67B)
Class org.jetbrains.kotlin.gradle.plugin.mpp.HierarchyAttributeContainer              : loaded 2 times (x 81B)
Class org.jetbrains.kotlin.gradle.tasks.configuration.AbstractKotlinCompileConfig$1$4 : loaded 2 times (x 73B)
Class org.jetbrains.kotlin.build.report.metrics.GradleBuildPerformanceMetric$Companion: loaded 2 times (x 69B)
Class org.jetbrains.kotlin.gradle.tasks.configuration.AbstractKotlinCompileConfig$1$5 : loaded 2 times (x 73B)
Class org.jetbrains.kotlin.gradle.plugin.diagnostics.checkers.OverriddenKotlinNativeHomeChecker$StdlibExistenceCheckerValueSource$Params: loaded 2 times (x 68B)
Class org.jetbrains.kotlin.gradle.plugin.KotlinCompilationToRunnableFiles             : loaded 2 times (x 68B)
Class org.jetbrains.kotlin.gradle.tasks.configuration.AbstractKotlinCompileConfig$1$6 : loaded 2 times (x 73B)
Class org.jetbrains.kotlin.gradle.dsl.KotlinProjectExtensionKt                        : loaded 2 times (x 69B)
Class org.jetbrains.kotlin.gradle.plugin.mpp.KotlinSoftwareComponentKt                : loaded 2 times (x 69B)
Class org.jetbrains.kotlin.gradle.tasks.UsesKotlinJavaToolchain                       : loaded 2 times (x 68B)
Class org.jetbrains.kotlin.gradle.plugin.mpp.KotlinTargetComponentWithCoordinatesAndPublication: loaded 2 times (x 68B)
Class org.jetbrains.kotlin.gradle.artifacts.KotlinMetadataArtifactKt$KotlinMetadataArtifact$1: loaded 2 times (x 72B)
Class org.jetbrains.kotlin.gradle.plugin.DefaultKotlinBasePlugin$addKotlinCompilerConfiguration$1: loaded 2 times (x 73B)
Class org.jetbrains.kotlin.gradle.utils.WhenEvaluatedKt                               : loaded 2 times (x 69B)
Class org.jetbrains.kotlin.tooling.core.ExtrasPropertyKt                              : loaded 2 times (x 69B)
Class org.jetbrains.kotlin.gradle.plugin.DefaultKotlinBasePlugin$addKotlinCompilerConfiguration$3: loaded 2 times (x 73B)
Class com.google.common.cache.LocalCache$HashIterator                                 : loaded 2 times (x 84B)
Class com.google.common.collect.Iterables                                             : loaded 2 times (x 69B)
Class org.jetbrains.kotlin.gradle.targets.CreateTargetConfigurationsSideEffectKt      : loaded 2 times (x 69B)
Class org.jetbrains.kotlin.gradle.plugin.VariantImplementationFactories$Companion$getProvider$2$1$1: loaded 2 times (x 73B)
Class org.jetbrains.kotlin.gradle.utils.FailuresKt$ideaSyncClasspathModeUtil$1        : loaded 2 times (x 70B)
Class org.jetbrains.kotlin.gradle.plugin.mpp.KotlinUsages$KotlinCinteropCompatibility : loaded 2 times (x 75B)
Class org.jetbrains.kotlin.gradle.plugin.sources.ConsistencyCheck                     : loaded 2 times (x 70B)
Class [Lorg.jetbrains.kotlin.gradle.plugin.HasKotlinDependencies;                     : loaded 2 times (x 67B)
Class com.google.common.base.CharMatcher$JavaLowerCase                                : loaded 2 times (x 109B)
Class com.google.common.cache.LocalCache$WriteThroughEntry                            : loaded 2 times (x 77B)
Class org.objectweb.asm.ClassTooLargeException                                        : loaded 2 times (x 81B)
Class [Lorg.objectweb.asm.ConstantDynamic;                                            : loaded 2 times (x 67B)
Class org.jetbrains.kotlin.gradle.plugin.diagnostics.checkers.OverriddenKotlinNativeHomeChecker$StdlibExistenceCheckerValueSource$Inject: loaded 2 times (x 107B)
Class org.jetbrains.kotlin.gradle.plugin.diagnostics.CheckKotlinGradlePluginConfigurationErrorsKt$locateOrRegisterCheckKotlinGradlePluginErrorsTask$taskProvider$1: loaded 2 times (x 73B)
Class org.jetbrains.kotlin.gradle.artifacts.KotlinJsKlibArtifactKt                    : loaded 2 times (x 69B)
Class org.jetbrains.kotlin.gradle.plugin.mpp.compilationImpl.DefaultKotlinCompilationSourceSetsContainer: loaded 2 times (x 76B)
Class org.jetbrains.kotlin.gradle.plugin.mpp.compilationImpl.factory.KotlinCompilationImplFactory$KotlinCompilationSourceSetsContainerFactory: loaded 2 times (x 68B)
Class org.jetbrains.kotlin.gradle.internal.properties.PropertiesBuildService$Params   : loaded 2 times (x 68B)
Class org.gradle.api.internal.classpath.UnknownModuleException                        : loaded 2 times (x 80B)
Class [Lcom.google.gson.stream.JsonToken;                                             : loaded 2 times (x 67B)
Class org.jetbrains.kotlin.konan.target.TargetSupportException                        : loaded 2 times (x 80B)
Class kotlin.collections.MapsKt__MapsJVMKt                                            : loaded 2 times (x 69B)
Class com.google.common.collect.FluentIterable                                        : loaded 2 times (x 79B)
Class org.jetbrains.kotlin.gradle.tasks.AbstractKotlinCompileTool$sources$1           : loaded 2 times (x 77B)
Class org.jetbrains.kotlin.konan.target.KonanTarget$IOS_X64                           : loaded 2 times (x 76B)
Class com.google.common.util.concurrent.AbstractFuture$Listener                       : loaded 2 times (x 70B)
Class com.google.common.collect.CollectSpliterators$1                                 : loaded 2 times (x 88B)
Class org.apache.commons.compress.archivers.zip.ZipArchiveEntry$ExtraFieldParsingMode : loaded 2 times (x 87B)
Class org.jetbrains.kotlin.gradle.plugin.mpp.InternalKotlinTargetComponent            : loaded 2 times (x 91B)
Class org.jetbrains.kotlin.gradle.plugin.mpp.compilationImpl.KotlinCompilationRegisterInSourceSetsConfigurator$configure$1: loaded 2 times (x 77B)
Class org.jetbrains.kotlin.gradle.tasks.configuration.BaseKotlinCompileConfig         : loaded 2 times (x 70B)
Class com.google.common.collect.MapMakerInternalMap$StrongKeyDummyValueEntry$LinkedStrongKeyDummyValueEntry: loaded 2 times (x 80B)
Class com.google.common.collect.Iterables$4                                           : loaded 2 times (x 79B)
Class org.jetbrains.kotlin.gradle.tasks.DefaultKotlinJavaToolchain$DefaultJdkSetter   : loaded 2 times (x 74B)
Class org.jetbrains.kotlin.compilerRunner.GradleCompilerRunner$Companion              : loaded 2 times (x 69B)
Class org.jetbrains.kotlin.gradle.dsl.KotlinVersion$Companion                         : loaded 2 times (x 69B)
Class org.objectweb.asm.Edge                                                          : loaded 2 times (x 70B)
Class org.jetbrains.kotlin.gradle.plugin.AbstractKotlinAndroidPluginWrapper           : loaded 2 times (x 84B)
Class org.jetbrains.kotlin.gradle.plugin.KotlinJvmPlugin                              : loaded 2 times (x 78B)
Class org.jetbrains.kotlin.gradle.internal.properties.PropertiesBuildService$Inject   : loaded 2 times (x 94B)
Class com.google.common.collect.Maps$EntryTransformer                                 : loaded 2 times (x 68B)
Class org.apache.commons.compress.compressors.lzw.LZWInputStream                      : loaded 2 times (x 121B)
Class org.jetbrains.kotlin.gradle.plugin.VariantImplementationFactories$Companion     : loaded 2 times (x 69B)
Class org.jetbrains.kotlin.gradle.utils.AndroidPluginIdsKt                            : loaded 2 times (x 69B)
Class com.google.common.collect.ImmutableCollection$Builder                           : loaded 2 times (x 74B)
Class kotlin.collections.ArraysKt___ArraysKt                                          : loaded 2 times (x 69B)
Class org.jetbrains.kotlin.gradle.targets.js.dsl.KotlinWasmWasiTargetDsl              : loaded 2 times (x 68B)
Class org.jetbrains.kotlin.gradle.targets.js.npm.BaseNpmDependencyExtension           : loaded 2 times (x 68B)
Class com.google.common.io.ByteArrayDataInput                                         : loaded 2 times (x 68B)
Class org.jetbrains.kotlin.gradle.plugin.AbstractKotlinPlugin$Companion               : loaded 2 times (x 69B)
Class org.jetbrains.kotlin.gradle.dsl.IosSourceSetConventionChecker                   : loaded 2 times (x 72B)
Class kotlin.text.StringsKt__StringNumberConversionsJVMKt                             : loaded 2 times (x 69B)
Class build_bsfjbfafj410q43k7uu20nvxg$_run_closure1                                   : loaded 2 times (x 137B)
Class com.google.errorprone.annotations.DoNotMock                                     : loaded 2 times (x 68B)
Class org.jetbrains.kotlin.gradle.plugin.sources.FragmentConsistencyChecks            : loaded 2 times (x 70B)
Class org.jetbrains.kotlin.gradle.plugin.HasProject                                   : loaded 2 times (x 68B)
Class [Lorg.objectweb.asm.SymbolTable$Entry;                                          : loaded 2 times (x 67B)
Class com.google.common.collect.SingletonImmutableBiMap                               : loaded 2 times (x 141B)
Class org.jetbrains.kotlin.gradle.tooling.BuildKotlinToolingMetadataTask$FromKotlinExtension: loaded 2 times (x 315B)
Class org.jetbrains.kotlin.gradle.dsl.AndroidMainSourceSetConventionsChecker          : loaded 2 times (x 72B)
Class org.jetbrains.kotlin.gradle.plugin.mpp.compilationImpl.KotlinCompilationSideEffect: loaded 2 times (x 68B)
Class org.jetbrains.kotlin.gradle.internal.properties.PropertiesBuildService$NullableBooleanGradleProperty: loaded 2 times (x 74B)
Class kotlin.TuplesKt                                                                 : loaded 2 times (x 69B)
Class kotlin.collections.CollectionsKt__IteratorsJVMKt$iterator$1                     : loaded 2 times (x 77B)
Class org.jetbrains.kotlin.gradle.utils.ProviderApiUtilsKt$providerWithLazyConvention$1: loaded 2 times (x 72B)
Class com.google.common.base.CommonPattern                                            : loaded 2 times (x 72B)
Class com.google.common.base.Suppliers$MemoizingSupplier                              : loaded 2 times (x 77B)
Class org.jetbrains.kotlin.gradle.tasks.configuration.TaskConfigAction$configureTask$1: loaded 2 times (x 77B)
Class org.jetbrains.kotlin.gradle.plugin.diagnostics.checkers.MissingNativeStdlibChecker: loaded 2 times (x 72B)
Class org.jetbrains.kotlin.gradle.plugin.VariantImplementationFactoriesConfigurator   : loaded 2 times (x 74B)
Class com.google.common.base.Suppliers                                                : loaded 2 times (x 69B)
Class org.jetbrains.kotlin.gradle.plugin.statistics.FinalizeConfigurationFusMetricActionKt: loaded 2 times (x 69B)
Class org.jetbrains.kotlin.gradle.plugin.diagnostics.checkers.AndroidPluginWithoutAndroidTargetChecker$runChecks$1: loaded 2 times (x 86B)
Class org.jetbrains.kotlin.gradle.internal.properties.NativePropertiesLoader$jvmArgs$1: loaded 2 times (x 73B)
Class org.jetbrains.kotlin.gradle.plugin.internal.DefaultProjectIsolationStartParameterAccessor_Decorated: loaded 2 times (x 123B)
Class [Lcom.google.common.collect.Iterators$EmptyModifiableIterator;                  : loaded 2 times (x 67B)
Class kotlin.LazyKt__LazyJVMKt                                                        : loaded 2 times (x 69B)
Class kotlin.text.StringsKt__IndentKt                                                 : loaded 2 times (x 69B)
Class org.jetbrains.kotlin.gradle.utils.Completable$await$1                           : loaded 2 times (x 86B)
Class org.jetbrains.kotlin.gradle.tasks.TasksProviderKt                               : loaded 2 times (x 69B)
Class org.objectweb.asm.ClassVisitor                                                  : loaded 2 times (x 86B)
Class com.google.common.collect.MapMakerInternalMap$StrongKeyDummyValueEntry          : loaded 2 times (x 80B)
Class org.apache.commons.compress.archivers.zip.X5455_ExtendedTimestamp               : loaded 2 times (x 103B)
Class org.jetbrains.kotlin.gradle.plugin.hierarchy.KotlinSourceSetTreeClassifier      : loaded 2 times (x 68B)
Class org.jetbrains.kotlin.gradle.plugin.diagnostics.KotlinGradleProjectChecker$Companion: loaded 2 times (x 69B)
Class com.google.common.cache.LoadingCache                                            : loaded 2 times (x 68B)
Class org.gradle.internal.service.ServiceLookupException                              : loaded 2 times (x 80B)
Class kotlin.collections.MapsKt__MapWithDefaultKt                                     : loaded 2 times (x 69B)
Class com.google.common.collect.MapMakerInternalMap$StrongKeyDummyValueSegment        : loaded 2 times (x 140B)
Class org.jetbrains.kotlin.build.report.metrics.BuildPerformanceMetrics$Companion     : loaded 2 times (x 69B)
Class org.jetbrains.kotlin.gradle.plugin.mpp.InternalKotlinTarget                     : loaded 2 times (x 68B)
Class org.jetbrains.kotlin.gradle.plugin.mpp.DefaultKotlinUsageContext                : loaded 2 times (x 106B)
Class org.jetbrains.kotlin.cli.common.arguments.CommonToolArguments                   : loaded 2 times (x 71B)
Class org.jetbrains.kotlin.gradle.targets.native.toolchain.KotlinNativeBundleBuildService$Parameters_Decorated: loaded 2 times (x 141B)
Class org.jetbrains.kotlin.gradle.utils.GradleConfigurationUtilsKt                    : loaded 2 times (x 69B)
Class org.jetbrains.kotlin.gradle.tasks.TaskOutputsBackup                             : loaded 2 times (x 70B)
Class kotlin.sequences.SequencesKt__SequencesKt$asSequence$$inlined$Sequence$1        : loaded 2 times (x 73B)
Class build_2ny9b0fbbarvl1jz89uyg3ozj$_run_closure1$_closure3                         : loaded 2 times (x 137B)
Class org.jetbrains.kotlin.gradle.artifacts.KotlinLegacyCompatibilityMetadataArtifactKt$KotlinLegacyCompatibilityMetadataArtifact$1: loaded 2 times (x 72B)
Class [Lorg.jetbrains.kotlin.build.report.metrics.GradleBuildPerformanceMetric;       : loaded 2 times (x 67B)
Class [Lorg.jetbrains.kotlin.statistics.metrics.NumberOverridePolicy;                 : loaded 2 times (x 67B)
Class com.google.common.base.Present                                                  : loaded 2 times (x 79B)
Class org.jetbrains.kotlin.gradle.tasks.configuration.BaseKotlinCompileConfig$1$3$2   : loaded 2 times (x 73B)
Class org.jetbrains.kotlin.gradle.tasks.KotlinCompile$scriptExtensions$1              : loaded 2 times (x 77B)
Class com.google.common.collect.ReverseNaturalOrdering                                : loaded 2 times (x 112B)
Class org.jetbrains.kotlin.gradle.plugin.sources.DefaultKotlinSourceSet               : loaded 2 times (x 139B)
Class kotlin.collections.EmptySet                                                     : loaded 2 times (x 120B)
Class org.jetbrains.kotlin.gradle.plugin.mpp.InternalKotlinCompilationKt$awaitAllKotlinSourceSets$1: loaded 2 times (x 86B)
Class org.jetbrains.kotlin.gradle.internal.KotlinDependenciesManagementKt$configureDefaultVersionsResolutionStrategy$1: loaded 2 times (x 73B)
Class org.jetbrains.kotlin.gradle.plugin.statistics.BuildFusService$Parameters        : loaded 2 times (x 68B)
Class org.jetbrains.kotlin.tooling.core.ExtrasPropertyKt$extrasLazyProperty$1         : loaded 2 times (x 92B)
Class org.jetbrains.kotlin.gradle.plugin.UsesVariantImplementationFactories           : loaded 2 times (x 68B)
Class org.apache.commons.compress.archivers.zip.AbstractUnicodeExtraField             : loaded 2 times (x 91B)
Class org.jetbrains.kotlin.gradle.tasks.GradleCompileTaskProvider_Decorated           : loaded 2 times (x 119B)
Class [Lorg.jetbrains.kotlin.build.report.metrics.BuildPerformanceMetric;             : loaded 2 times (x 67B)
Class com.google.common.base.CharMatcher$NegatedFastMatcher                           : loaded 2 times (x 111B)
Class [Lorg.gradle.api.internal.ClassPathProvider;                                    : loaded 2 times (x 67B)
Class org.jetbrains.kotlin.gradle.plugin.sources.android.AndroidVariantType           : loaded 2 times (x 77B)
Class Build_gradle$inlined$sam$i$org_gradle_api_Action$0                              : loaded 2 times (x 73B)
Class org.jetbrains.kotlin.gradle.utils.ConfigurationsKt$maybeCreateResolvable$1      : loaded 2 times (x 76B)
Class com.google.common.util.concurrent.AbstractFuture$SafeAtomicHelper               : loaded 2 times (x 77B)
Class com.google.common.collect.ImmutableMultimap$Values                              : loaded 2 times (x 124B)
Class org.jetbrains.kotlin.gradle.plugin.diagnostics.KotlinToolingDiagnostics$WasmJsEnvironmentNotChosenExplicitly: loaded 2 times (x 71B)
Class org.jetbrains.kotlin.statistics.BuildSessionLogger$Companion                    : loaded 2 times (x 69B)
Class org.jetbrains.kotlin.gradle.tasks.DefaultKotlinJavaToolchain$Companion$wireJvmTargetToJvm$1: loaded 2 times (x 73B)
Class org.apache.commons.compress.archivers.zip.ZipFile$1                             : loaded 2 times (x 99B)
Class [Lorg.jetbrains.kotlin.gradle.dsl.KotlinVersion;                                : loaded 2 times (x 67B)
Class org.apache.commons.compress.archivers.zip.ZipFile$2                             : loaded 2 times (x 69B)
Class org.jetbrains.kotlin.tooling.core.AbstractExtras                                : loaded 2 times (x 139B)
Class kotlin.collections.MapsKt                                                       : loaded 2 times (x 69B)
Class org.jetbrains.kotlin.gradle.targets.metadata.KotlinMetadataTargetConfiguratorKt$isNativeSourceSet$2: loaded 2 times (x 93B)
Class org.jetbrains.kotlin.gradle.plugin.sources.KotlinDependencyScopeKt$WhenMappings : loaded 2 times (x 69B)
Class org.gradle.util.internal.GUtil                                                  : loaded 2 times (x 69B)
Class kotlin.jvm.internal.CollectionToArray                                           : loaded 2 times (x 69B)
Class org.jetbrains.kotlin.gradle.plugin.KotlinPluginWrapperKt                        : loaded 2 times (x 69B)
Class org.apache.commons.compress.archivers.zip.ZipEncoding                           : loaded 2 times (x 68B)
Class org.jetbrains.kotlin.gradle.plugin.KotlinProjectSetupActionKt$KotlinProjectSetupCoroutine$1$1: loaded 2 times (x 93B)
Class com.google.common.math.IntMath                                                  : loaded 2 times (x 69B)
Class org.jetbrains.kotlin.gradle.plugin.mpp.compilationImpl.KotlinCompilationConfigurationsContainer: loaded 2 times (x 68B)
Class org.jetbrains.kotlin.gradle.plugin.DefaultKotlinBasePlugin$addKotlinCompilerConfiguration$3$1: loaded 2 times (x 77B)
Class org.objectweb.asm.signature.SignatureReader                                     : loaded 2 times (x 72B)
Class org.jetbrains.kotlin.gradle.model.builder.KotlinModelBuilder$Companion          : loaded 2 times (x 69B)
Class org.jetbrains.kotlin.gradle.targets.NativeForwardImplementationToApiElementsSideEffectKt: loaded 2 times (x 69B)
Class org.jetbrains.kotlin.gradle.plugin.mpp.resources.resolve.KotlinTargetResourcesResolutionStrategy$Companion: loaded 2 times (x 69B)
Class org.jetbrains.kotlin.statistics.ValueAnonymizer                                 : loaded 2 times (x 68B)
Class com.google.common.collect.AbstractIterator                                      : loaded 2 times (x 80B)
Class org.gradle.internal.classloader.ClassLoaderSpec                                 : loaded 2 times (x 69B)
Class org.jetbrains.kotlin.gradle.utils.StringUtilsKt                                 : loaded 2 times (x 69B)
Class com.google.common.io.LineProcessor                                              : loaded 2 times (x 68B)
Class org.apache.commons.compress.compressors.deflate64.Deflate64CompressorInputStream: loaded 2 times (x 102B)
Class org.jetbrains.kotlin.gradle.dsl.ToolchainSupport                                : loaded 2 times (x 68B)
Class build_h6nhh36zbig4u3czbdfc75ci                                                  : loaded 2 times (x 178B)
Class com.google.common.base.NullnessCasts                                            : loaded 2 times (x 69B)
Class org.jetbrains.kotlin.gradle.plugin.internal.ProjectIsolationStartParameterAccessor: loaded 2 times (x 68B)
Class com.google.common.io.CharSink                                                   : loaded 2 times (x 77B)
Class org.objectweb.asm.Frame                                                         : loaded 2 times (x 71B)
Class com.google.common.cache.LocalCache$LocalManualCache                             : loaded 2 times (x 97B)
Class com.google.common.collect.AbstractMapEntry                                      : loaded 2 times (x 79B)
Class com.google.common.collect.ImmutableList$Builder                                 : loaded 2 times (x 75B)
Class org.jetbrains.kotlin.gradle.plugin.statistics.KotlinBuildStatsConfiguration     : loaded 2 times (x 70B)
Class com.google.common.base.CharMatcher$Negated                                      : loaded 2 times (x 111B)
Class [Lkotlin.reflect.KAnnotatedElement;                                             : loaded 2 times (x 67B)
Class org.jetbrains.kotlin.gradle.plugin.mpp.compilationImpl.factory.KotlinCompilationImplFactory$KotlinCompilerOptionsFactory: loaded 2 times (x 68B)
Class org.jetbrains.kotlin.gradle.plugin.diagnostics.KotlinGradleProjectCheckersRunnerKt$launchKotlinGradleProjectCheckers$1$1: loaded 2 times (x 93B)
Class org.jetbrains.kotlin.gradle.plugin.KotlinPluginLifecycle$Stage$Companion        : loaded 2 times (x 69B)
Class org.jetbrains.kotlin.statistics.metrics.ConcatMetricContainer$Companion         : loaded 2 times (x 69B)
Class org.jetbrains.kotlin.statistics.metrics.StringAnonymizationPolicy$AllowedListAnonymizer: loaded 2 times (x 77B)
Class org.jetbrains.kotlin.gradle.report.ReportingSettings$Companion                  : loaded 2 times (x 69B)
Class org.jetbrains.kotlin.tooling.core.Extras$Type                                   : loaded 2 times (x 70B)
Class com.google.common.cache.CacheLoader$1                                           : loaded 2 times (x 73B)
Class [Lcom.google.common.collect.MapMakerInternalMap$Strength;                       : loaded 2 times (x 67B)
Class org.jetbrains.kotlin.gradle.plugin.sources.FragmentConsistencyChecks$unstableFeaturesCheck$1: loaded 2 times (x 77B)
Class org.jetbrains.kotlin.gradle.plugin.sources.FragmentConsistencyChecks$unstableFeaturesCheck$2: loaded 2 times (x 76B)
Class com.google.common.util.concurrent.AbstractFuture$TrustedFuture                  : loaded 2 times (x 95B)
Class org.jetbrains.kotlin.gradle.plugin.statistics.BuildFusService$Inject            : loaded 2 times (x 102B)
Class org.jetbrains.kotlin.gradle.tasks.AbstractKotlinCompile$defaultKotlinJavaToolchain$1: loaded 2 times (x 76B)
Class org.jetbrains.kotlin.gradle.tasks.BaseKotlinCompile                             : loaded 2 times (x 68B)
Class org.jetbrains.kotlin.gradle.internal.KotlinDomApiDependencyManagementKt         : loaded 2 times (x 69B)
Class org.jetbrains.kotlin.gradle.plugin.mpp.InternalKotlinCompilation                : loaded 2 times (x 68B)
Class kotlin.collections.IndexedValue                                                 : loaded 2 times (x 70B)
Class org.gradle.internal.classloader.InstrumentingClassLoader                        : loaded 2 times (x 68B)
Class com.google.common.collect.MapMakerInternalMap$InternalEntry                     : loaded 2 times (x 68B)
Class [Lorg.jetbrains.kotlin.gradle.plugin.statistics.plugins.ObservablePlugins;      : loaded 2 times (x 67B)
Class org.jetbrains.kotlin.gradle.internal.KotlinDependenciesManagementKt$allNonProjectDependencies$1: loaded 2 times (x 72B)
Class org.jetbrains.kotlin.gradle.tasks.K2MultiplatformStructure                      : loaded 2 times (x 72B)
Class org.jetbrains.kotlin.gradle.plugin.diagnostics.checkers.NoKotlinTargetsDeclaredChecker: loaded 2 times (x 72B)
Class build_ec27alt9gfcheqirssdctbmu8$_run_closure1                                   : loaded 2 times (x 137B)
Class org.apache.commons.compress.archivers.zip.CharsetAccessor                       : loaded 2 times (x 68B)
Class org.jetbrains.kotlin.statistics.AnonymizerUtilsKt$salt$2                        : loaded 2 times (x 76B)
Class org.jetbrains.kotlin.gradle.tasks.AbstractKotlinCompileTool                     : loaded 2 times (x 364B)
Class org.jetbrains.kotlin.gradle.plugin.KotlinSourceSetTree$Companion                : loaded 2 times (x 69B)
Class org.jetbrains.kotlin.gradle.internal.CompilerArgumentAware                      : loaded 2 times (x 68B)
Class com.google.common.collect.Maps$ViewCachingAbstractMap                           : loaded 2 times (x 123B)
Class org.apache.commons.compress.archivers.zip.X0014_X509Certificates                : loaded 2 times (x 88B)
Class org.jetbrains.kotlin.gradle.targets.CreateArtifactsSideEffectKt                 : loaded 2 times (x 69B)
Class org.jetbrains.kotlin.gradle.plugin.ProjectLocalConfigurations$ProjectLocalDisambiguation: loaded 2 times (x 74B)
Class org.jetbrains.kotlin.gradle.plugin.KotlinPluginInMultipleProjectsHolder         : loaded 2 times (x 70B)
Class org.jetbrains.kotlin.gradle.tasks.KotlinCompileTool                             : loaded 2 times (x 68B)
Class org.jetbrains.kotlin.gradle.plugin.sources.AbstractKotlinSourceSet              : loaded 2 times (x 139B)
Class org.jetbrains.kotlin.gradle.internal.properties.NativePropertiesLoader$konanDataDirProperty$1: loaded 2 times (x 73B)
Class org.jetbrains.kotlin.gradle.plugin.BuildFinishedListenerService$Companion$registerIfAbsent$2$1: loaded 2 times (x 77B)
Class org.jetbrains.kotlin.compilerRunner.CompilerSystemPropertiesService$Companion$registerIfAbsent$2$1: loaded 2 times (x 77B)
Class org.jetbrains.kotlin.gradle.plugin.mpp.compilationImpl.factory.KotlinCompilationImplFactory$PreConfigure: loaded 2 times (x 68B)
Class com.google.common.collect.Sets                                                  : loaded 2 times (x 69B)
Class org.apache.commons.compress.utils.BoundedSeekableByteChannelInputStream         : loaded 2 times (x 92B)
Class org.jetbrains.kotlin.gradle.internal.StdlibDependencyManagementKt$addStdlibDependency$1$1: loaded 2 times (x 77B)
Class org.jetbrains.kotlin.gradle.plugin.mpp.compilationImpl.KotlinCompilationImpl$attributes$2: loaded 2 times (x 77B)
Class org.jetbrains.kotlin.gradle.utils.StoredPropertyKt$extrasStoredProperty$1       : loaded 2 times (x 76B)
Class org.jetbrains.kotlin.build.report.metrics.GradleBuildPerformanceMetric          : loaded 2 times (x 90B)
Class org.apache.commons.compress.archivers.zip.ExplodingInputStream                  : loaded 2 times (x 96B)
Class org.jetbrains.kotlin.gradle.plugin.sources.InternalKotlinSourceSet              : loaded 2 times (x 68B)
Class org.jetbrains.kotlin.gradle.plugin.internal.CustomPropertiesFileValueSource$Parameters: loaded 2 times (x 68B)
Class kotlin.io.FilesKt__UtilsKt                                                      : loaded 2 times (x 69B)
Class org.jetbrains.kotlin.util.capitalizeDecapitalize.CapitalizeDecapitalizeKt       : loaded 2 times (x 69B)
Class org.jetbrains.kotlin.gradle.plugin.diagnostics.checkers.KotlinSourceSetTreeDependsOnMismatchChecker: loaded 2 times (x 72B)
Class com.google.common.collect.ImmutableSet$Builder                                  : loaded 2 times (x 83B)
Class org.jetbrains.kotlin.gradle.plugin.diagnostics.CheckKotlinGradlePluginConfigurationErrors_Decorated: loaded 2 times (x 363B)
Class org.jetbrains.kotlin.gradle.plugin.mpp.compilationImpl.factory.KotlinCompilationImplFactory$KotlinCompilationTaskNamesContainerFactory: loaded 2 times (x 68B)
Class com.google.common.collect.MapMakerInternalMap                                   : loaded 2 times (x 159B)
Class org.jetbrains.kotlin.gradle.internal.properties.NativeProperties$Companion      : loaded 2 times (x 69B)
Class org.jetbrains.kotlin.tooling.core.ExtrasProperty                                : loaded 2 times (x 68B)
Class com.google.common.base.CharMatcher$ForPredicate                                 : loaded 2 times (x 110B)
Class org.jetbrains.kotlin.gradle.plugin.diagnostics.checkers.DisabledCinteropCommonizationInHmppProjectChecker: loaded 2 times (x 72B)
Class org.jetbrains.kotlin.gradle.targets.metadata.KotlinMetadataTargetConfiguratorKt$special$$inlined$extrasStoredFuture$1: loaded 2 times (x 77B)
Class com.google.common.collect.ImmutableMap$MapViewOfValuesAsSingletonSets           : loaded 2 times (x 123B)
Class com.google.common.collect.ImmutableMapKeySet                                    : loaded 2 times (x 148B)
Class org.jetbrains.kotlin.gradle.tasks.DefaultKotlinJavaToolchain$javaExecutable$1   : loaded 2 times (x 73B)
Class org.objectweb.asm.commons.InstructionAdapter                                    : loaded 2 times (x 186B)
Class com.google.common.base.MoreObjects                                              : loaded 2 times (x 69B)
Class com.google.common.collect.SortedMapDifference                                   : loaded 2 times (x 68B)
Class org.apache.commons.compress.utils.IOUtils                                       : loaded 2 times (x 69B)
Class org.jetbrains.kotlin.gradle.targets.CreateDefaultCompilationsSideEffectKt       : loaded 2 times (x 69B)
Class org.jetbrains.kotlin.gradle.report.BuildReportType                              : loaded 2 times (x 77B)
Class kotlin.collections.ArraysUtilJVM                                                : loaded 2 times (x 69B)
Class org.jetbrains.kotlin.gradle.internal.StdlibDependencyManagementKt$addStdlibDependency$1$1$1: loaded 2 times (x 73B)
Class org.jetbrains.kotlin.konan.target.Family                                        : loaded 2 times (x 77B)
Class org.objectweb.asm.SymbolTable                                                   : loaded 2 times (x 70B)
Class org.jetbrains.kotlin.gradle.plugin.diagnostics.ToolingDiagnosticRenderingOptions: loaded 2 times (x 70B)
Class org.jetbrains.kotlin.gradle.plugin.statistics.BuildFinishMetrics$reportBuildFinished$1: loaded 2 times (x 77B)
Class [Lorg.objectweb.asm.AnnotationVisitor;                                          : loaded 2 times (x 67B)
Class org.jetbrains.kotlin.gradle.plugin.mpp.compilationImpl.KotlinCompilationImpl$1  : loaded 2 times (x 77B)
Class com.google.common.cache.CacheStats                                              : loaded 2 times (x 69B)
Class org.jetbrains.kotlin.gradle.plugin.mpp.compilationImpl.KotlinCompilationImpl$2  : loaded 2 times (x 77B)
Class org.jetbrains.kotlin.gradle.tasks.KotlinCompile$ClasspathSnapshotProperties     : loaded 2 times (x 73B)
Class org.jetbrains.kotlin.gradle.InternalKotlinGradlePluginApi                       : loaded 2 times (x 68B)
Class org.jetbrains.kotlin.gradle.dsl.KotlinCommonCompilerOptions                     : loaded 2 times (x 68B)
Class org.objectweb.asm.Attribute                                                     : loaded 2 times (x 75B)
Class [Lorg.jetbrains.kotlin.gradle.plugin.sources.android.AndroidVariantType;        : loaded 2 times (x 67B)
Class org.jetbrains.kotlin.gradle.internal.properties.PropertiesBuildService$Companion: loaded 2 times (x 69B)
Class org.jetbrains.kotlin.tooling.core.MutableExtras                                 : loaded 2 times (x 68B)
Class org.gradle.internal.classloader.VisitableURLClassLoader                         : loaded 2 times (x 115B)
Class org.jetbrains.kotlin.build.report.metrics.BuildAttributes                       : loaded 2 times (x 70B)
Class org.jetbrains.kotlin.statistics.metrics.StringAnonymizationPolicy$RegexControlled: loaded 2 times (x 77B)
Class com.google.common.cache.LocalCache$LocalLoadingCache                            : loaded 2 times (x 132B)
Class org.jetbrains.kotlin.gradle.plugin.DefaultKotlinBasePlugin$addKotlinCompilerConfiguration$2$1: loaded 2 times (x 73B)
Class com.google.common.io.CharSource$CharSequenceCharSource                          : loaded 2 times (x 84B)
Class org.jetbrains.kotlin.gradle.targets.js.npm.NpmDependencyExtensionDelegate       : loaded 2 times (x 165B)
Class com.google.common.base.Supplier                                                 : loaded 2 times (x 68B)
Class org.jetbrains.kotlin.gradle.tasks.KotlinCompilerExecutionStrategy               : loaded 2 times (x 77B)
Class com.google.common.collect.HashBiMap$BiEntry                                     : loaded 2 times (x 81B)
Class org.jetbrains.kotlin.gradle.plugin.diagnostics.UsesKotlinToolingDiagnostics     : loaded 2 times (x 68B)
Class kotlin.io.FilesKt__FileTreeWalkKt                                               : loaded 2 times (x 69B)
Class org.jetbrains.kotlin.gradle.targets.js.npm.SemverKt                             : loaded 2 times (x 69B)
Class org.jetbrains.kotlin.gradle.plugin.diagnostics.KotlinToolingDiagnosticsSetupActionKt$KotlinToolingDiagnosticsSetupAction$1: loaded 2 times (x 72B)
Class com.google.common.collect.ImmutableMultimap$Keys                                : loaded 2 times (x 164B)
Class com.google.common.base.Objects                                                  : loaded 2 times (x 69B)
Class com.google.common.util.concurrent.AbstractFuture$AtomicHelper                   : loaded 2 times (x 76B)
Class com.google.common.collect.ImmutableBiMap                                        : loaded 2 times (x 141B)
Class org.jetbrains.kotlin.gradle.internal.properties.PropertiesBuildService$property$1$1: loaded 2 times (x 73B)
Class org.gradle.internal.Cast                                                        : loaded 2 times (x 69B)
Class org.jetbrains.kotlin.gradle.targets.js.dsl.KotlinJsTargetDsl                    : loaded 2 times (x 68B)
Class org.jetbrains.kotlin.gradle.dsl.KotlinTargetContainerWithPresetFunctions        : loaded 2 times (x 68B)
Class com.google.common.hash.PrimitiveSink                                            : loaded 2 times (x 68B)
Class org.jetbrains.kotlin.gradle.internal.KotlinDependenciesManagementKt$configureDefaultVersionsResolutionStrategy$1$1$1: loaded 2 times (x 73B)
Class org.jetbrains.kotlin.gradle.dsl.KotlinHierarchyDsl                              : loaded 2 times (x 68B)
Class com.google.common.collect.NullnessCasts                                         : loaded 2 times (x 69B)
Class org.jetbrains.kotlin.gradle.tasks.configuration.BaseKotlinCompileConfig$Companion: loaded 2 times (x 69B)
Class org.jetbrains.kotlin.gradle.tasks.K2MultiplatformStructure_Decorated            : loaded 2 times (x 133B)
Class com.google.common.io.CharSource$EmptyCharSource                                 : loaded 2 times (x 84B)
Class org.jetbrains.kotlin.konan.target.KonanTarget$LINUX_ARM64                       : loaded 2 times (x 76B)
Class org.jetbrains.kotlin.gradle.targets.native.SetupEmbedAndSignAppleFrameworkTaskSideEffectKt$special$$inlined$KotlinTargetSideEffect$1: loaded 2 times (x 72B)
Class org.gradle.api.internal.ClassPathRegistry                                       : loaded 2 times (x 68B)
Class org.jetbrains.kotlin.gradle.plugin.KotlinCompilationWithResources               : loaded 2 times (x 68B)
Class org.jetbrains.kotlin.gradle.plugin.mpp.compilationImpl.KotlinCompilationProcessorSideEffectKt$KotlinCompilationProcessorSideEffect$1: loaded 2 times (x 72B)
Class org.jetbrains.kotlin.gradle.plugin.internal.ProjectIsolationStartParameterAccessorKt: loaded 2 times (x 69B)
Class com.google.common.cache.LocalCache$EntryFactory                                 : loaded 2 times (x 81B)
Class com.google.gson.stream.JsonReader                                               : loaded 2 times (x 95B)
Class org.jetbrains.kotlin.cli.common.arguments.K2JVMCompilerArguments                : loaded 2 times (x 79B)
Class com.google.common.util.concurrent.UncheckedExecutionException                   : loaded 2 times (x 80B)
Class com.google.gson.stream.MalformedJsonException                                   : loaded 2 times (x 80B)
Class com.google.common.collect.ImmutableSet                                          : loaded 2 times (x 143B)
Class org.apache.commons.compress.utils.InputStreamStatistics                         : loaded 2 times (x 68B)
Class org.gradle.internal.classloader.VisitableURLClassLoader$InstrumentingVisitableURLClassLoader: loaded 2 times (x 121B)
Class org.jetbrains.kotlin.gradle.tasks.CacheableTasksKt$cacheOnlyIfEnabledForKotlin$1$1: loaded 2 times (x 72B)
Class org.jetbrains.kotlin.gradle.plugin.mpp.compilationImpl.KotlinCompilationAssociator: loaded 2 times (x 68B)
Class org.gradle.internal.classloader.ClassLoaderHierarchy                            : loaded 2 times (x 68B)
Class org.jetbrains.kotlin.gradle.plugin.BuildFinishedListenerService$Companion$registerIfAbsent$1: loaded 2 times (x 72B)
Class org.jetbrains.kotlin.compilerRunner.CompilerSystemPropertiesService$Companion$registerIfAbsent$1: loaded 2 times (x 73B)
Class [Lorg.apache.commons.compress.archivers.zip.ZipArchiveEntry;                    : loaded 2 times (x 67B)
Class org.jetbrains.kotlin.gradle.plugin.mpp.KotlinJvmCompilation                     : loaded 2 times (x 198B)
Class [Lorg.jetbrains.kotlin.gradle.plugin.mpp.resources.resolve.KotlinTargetResourcesResolutionStrategy;: loaded 2 times (x 67B)
Class org.jetbrains.kotlin.gradle.internal.StdlibDependencyManagementKt$configureStdlibVersionAlignment$1$1$1: loaded 2 times (x 73B)
Class org.jetbrains.kotlin.gradle.plugin.KotlinPluginLifecycleImpl$await$2$1          : loaded 2 times (x 77B)
Class kotlin.sequences.SequencesKt___SequencesJvmKt                                   : loaded 2 times (x 69B)
Class org.jetbrains.kotlin.gradle.plugin.statistics.MetricContainer                   : loaded 2 times (x 70B)
Class kotlin.collections.MapsKt__MapsKt                                               : loaded 2 times (x 69B)
Class org.jetbrains.kotlin.gradle.plugin.BuildFinishFlowAction                        : loaded 2 times (x 72B)
Class org.jetbrains.kotlin.gradle.internal.StdlibDependencyManagementKt$configureStdlibDefaultDependency$1: loaded 2 times (x 77B)
Class org.jetbrains.kotlin.gradle.plugin.mpp.compilationImpl.KotlinCompilationSideEffect$Companion: loaded 2 times (x 69B)
Class kotlin.collections.ArraysKt                                                     : loaded 2 times (x 69B)
Class org.jetbrains.kotlin.gradle.plugin.diagnostics.checkers.NoKotlinTargetsDeclaredChecker$runChecks$1: loaded 2 times (x 86B)
Class org.jetbrains.kotlin.gradle.plugin.KotlinCompilationInfo$TCS$friendPaths$1      : loaded 2 times (x 77B)
Class org.jetbrains.kotlin.gradle.plugin.hierarchy.KotlinSourceSetTreeClassifier$Default: loaded 2 times (x 69B)
Class org.jetbrains.kotlin.gradle.targets.js.npm.DefaultPeerNpmDependencyExtension$delegate$1: loaded 2 times (x 165B)
Class org.jetbrains.kotlin.gradle.plugin.statistics.FusMetrics                        : loaded 2 times (x 68B)
Class org.jetbrains.kotlin.gradle.plugin.diagnostics.checkers.ExperimentalTryNextUsageChecker: loaded 2 times (x 72B)
Class org.jetbrains.kotlin.gradle.internal.KotlinDependenciesManagementKt             : loaded 2 times (x 69B)
Class org.jetbrains.kotlin.gradle.plugin.mpp.compilationImpl.factory.KotlinCompilationDependencyConfigurationsFactoriesKt$WhenMappings: loaded 2 times (x 69B)
Class org.jetbrains.kotlin.gradle.plugin.mpp.InternalKotlinCompilationKt              : loaded 2 times (x 69B)
Class [Lorg.jetbrains.kotlin.gradle.dsl.PlatformSourceSetConventionsChecker$CheckedPlatformInfo;: loaded 2 times (x 67B)
Class org.jetbrains.kotlin.build.report.metrics.BuildAttribute$Companion              : loaded 2 times (x 69B)
Class org.jetbrains.kotlin.gradle.plugin.internal.BuildIdService$Companion$registerIfAbsent$1$1: loaded 2 times (x 73B)
Class [Lorg.apache.commons.compress.archivers.zip.ZipMethod;                          : loaded 2 times (x 67B)
Class com.google.common.collect.Lists$ReverseList                                     : loaded 2 times (x 160B)
Class org.jetbrains.kotlin.gradle.tasks.AbstractKotlinCompile                         : loaded 2 times (x 451B)
Class org.gradle.internal.installation.GradleInstallation                             : loaded 2 times (x 73B)
Class com.google.common.io.Closer$Suppressor                                          : loaded 2 times (x 68B)
Class org.jetbrains.kotlin.gradle.plugin.VariantImplementationFactories$Parameters_Decorated: loaded 2 times (x 132B)
Class org.jetbrains.kotlin.gradle.targets.native.internal.CInteropConfigurationsKt$special$$inlined$KotlinTargetSideEffect$1: loaded 2 times (x 72B)
Class org.jetbrains.kotlin.konan.target.KonanTarget$WATCHOS_ARM32                     : loaded 2 times (x 76B)
Class kotlin.collections.MapsKt___MapsKt                                              : loaded 2 times (x 69B)
Class org.jetbrains.kotlin.gradle.plugin.mpp.HasBinaries                              : loaded 2 times (x 68B)
Class org.jetbrains.kotlin.gradle.plugin.diagnostics.checkers.DisabledCinteropCommonizationInHmppProjectChecker$runChecks$1: loaded 2 times (x 86B)
Class org.jetbrains.kotlin.gradle.targets.js.npm.NpmDependencyExtensionKt$defaultNpmDependencyDelegate$1: loaded 2 times (x 165B)
Class com.google.common.collect.AbstractMapBasedMultimap$WrappedList                  : loaded 2 times (x 165B)
Class org.jetbrains.kotlin.gradle.plugin.statistics.BuildFusService$Parameters$Inject : loaded 2 times (x 110B)
Class org.jetbrains.kotlin.gradle.dsl.DefaultToolchainSupport                         : loaded 2 times (x 74B)
Class [Lorg.objectweb.asm.Type;                                                       : loaded 2 times (x 67B)
Class org.jetbrains.kotlin.gradle.tasks.KotlinCompile$kotlinOptions$1                 : loaded 2 times (x 77B)
Class org.jetbrains.kotlin.gradle.plugin.sources.KotlinDependencyScopeKt              : loaded 2 times (x 69B)
Class org.jetbrains.kotlin.konan.target.KonanTarget$WATCHOS_SIMULATOR_ARM64           : loaded 2 times (x 76B)
Class org.jetbrains.kotlin.gradle.plugin.mpp.DefaultKotlinUsageContext$1              : loaded 2 times (x 72B)
Class org.jetbrains.kotlin.gradle.utils.ProjectExtensionsKt                           : loaded 2 times (x 69B)
Class org.jetbrains.kotlin.gradle.targets.native.internal.AddKotlinPlatformIntegersSupportLibraryKt: loaded 2 times (x 69B)
Class com.google.common.collect.MapMakerInternalMap$WeakValueReference                : loaded 2 times (x 68B)
Class org.apache.commons.compress.archivers.zip.ExtraFieldUtils                       : loaded 2 times (x 69B)
Class org.jetbrains.kotlin.gradle.plugin.sources.InternalKotlinSourceSetKt$awaitPlatformCompilations$1: loaded 2 times (x 86B)
Class com.google.common.collect.Lists$ReverseList$1                                   : loaded 2 times (x 97B)
Class com.google.common.base.AbstractIterator$State                                   : loaded 2 times (x 77B)
Class org.jetbrains.kotlin.gradle.plugin.mpp.compilationImpl.KotlinCompilationRegisterInSourceSetsConfigurator: loaded 2 times (x 72B)
Class org.jetbrains.kotlin.gradle.internal.properties.PropertiesBuildServiceKt$propertyWithDeprecatedName$1: loaded 2 times (x 73B)
Class org.jetbrains.kotlin.gradle.plugin.mpp.compilationImpl.KotlinCreateSourcesJarTaskSideEffectKt: loaded 2 times (x 69B)
Class org.jetbrains.kotlin.gradle.dsl.KotlinMultiplatformExtension                    : loaded 2 times (x 699B)
Class com.google.common.cache.Weigher                                                 : loaded 2 times (x 68B)
Class org.jetbrains.kotlin.gradle.plugin.diagnostics.checkers.IncorrectCompileOnlyDependenciesChecker: loaded 2 times (x 72B)
Class kotlin.collections.IndexingIterator                                             : loaded 2 times (x 77B)
Class com.google.common.collect.MapMakerInternalMap$StrongValueEntry                  : loaded 2 times (x 68B)
Class org.apache.commons.compress.archivers.zip.UnixStat                              : loaded 2 times (x 68B)
Class org.jetbrains.kotlin.gradle.plugin.KotlinGradleBuildServices                    : loaded 2 times (x 78B)
Class org.jetbrains.kotlin.gradle.utils.ProviderApiUtilsKt$mapOrNull$1$1              : loaded 2 times (x 73B)
Class org.jetbrains.kotlin.gradle.plugin.statistics.KotlinBuildStatsBeanService       : loaded 2 times (x 85B)
Class com.google.common.base.CharMatcher$NamedFastMatcher                             : loaded 2 times (x 110B)
Class kotlin.collections.IndexingIterable                                             : loaded 2 times (x 77B)
Class org.jetbrains.kotlin.gradle.plugin.BuildFinishedListenerService$Companion       : loaded 2 times (x 69B)
Class org.jetbrains.kotlin.compilerRunner.CompilerSystemPropertiesService$Companion   : loaded 2 times (x 69B)
Class org.gradle.internal.InternalTransformer                                         : loaded 2 times (x 68B)
Class com.google.common.collect.AbstractMapBasedMultimap$AsMap$AsMapEntries           : loaded 2 times (x 136B)
Class [Lorg.apache.commons.compress.archivers.zip.ZipArchiveEntry$NameSource;         : loaded 2 times (x 67B)
Class kotlin.sequences.Sequence                                                       : loaded 2 times (x 68B)
Class org.jetbrains.kotlin.gradle.plugin.diagnostics.checkers.DuplicateSourceSetChecker: loaded 2 times (x 72B)
Class org.jetbrains.kotlin.gradle.plugin.internal.CustomPropertiesFileValueSource$Parameters_Decorated: loaded 2 times (x 132B)
Class org.jetbrains.kotlin.gradle.dsl.PlatformSourceSetConventionsChecker$runChecks$$inlined$CheckedPlatformInfo$default$1: loaded 2 times (x 76B)
Class org.jetbrains.kotlin.gradle.dsl.JvmTarget$Companion                             : loaded 2 times (x 69B)
Class org.jetbrains.kotlin.gradle.testing.internal.KotlinTestsRegistry$Companion      : loaded 2 times (x 69B)
Class org.gradle.internal.service.ServiceLocator                                      : loaded 2 times (x 68B)
Class org.apache.commons.compress.archivers.zip.GeneralPurposeBit                     : loaded 2 times (x 69B)
Class org.jetbrains.kotlin.gradle.utils.FutureKt$future$1                             : loaded 2 times (x 93B)
Class org.jetbrains.kotlin.build.report.metrics.BuildMetricsReporterImpl              : loaded 2 times (x 96B)
Class org.jetbrains.kotlin.gradle.plugin.VariantImplementationFactories               : loaded 2 times (x 73B)
Class Settings_gradle$1                                                               : loaded 2 times (x 72B)
Class org.jetbrains.kotlin.gradle.tasks.configuration.BaseKotlinCompileConfig$1$3$classpathEntrySnapshotFiles$1: loaded 2 times (x 72B)
Class org.jetbrains.kotlin.gradle.utils.MutableObservableSetImpl                      : loaded 2 times (x 161B)
Class org.jetbrains.kotlin.gradle.plugin.CompilerPluginConfig                         : loaded 2 times (x 70B)
Class org.jetbrains.kotlin.gradle.report.ReportingSettings                            : loaded 2 times (x 70B)
Class [Lorg.jetbrains.kotlin.statistics.metrics.NumericalMetrics;                     : loaded 2 times (x 67B)
Class org.jetbrains.kotlin.gradle.plugin.GradleUtilsKt                                : loaded 2 times (x 69B)
Class com.google.common.collect.ImmutableRangeSet$1                                   : loaded 2 times (x 169B)
Class org.jetbrains.kotlin.gradle.plugin.mpp.AbstractKotlinTarget$kotlinComponents$2  : loaded 2 times (x 77B)
Class com.google.common.util.concurrent.SettableFuture                                : loaded 2 times (x 95B)
Class org.jetbrains.kotlin.gradle.internal.transforms.BuildToolsApiClasspathEntrySnapshotTransform$Parameters: loaded 2 times (x 85B)
Class org.jetbrains.kotlin.gradle.plugin.diagnostics.checkers.GradleDeprecatedPropertyChecker: loaded 2 times (x 72B)
Class build_2adxmoi1md0qlyzf9djenxfco$_run_closure1                                   : loaded 2 times (x 137B)
Class com.google.common.io.Files$2                                                    : loaded 2 times (x 74B)
Class org.jetbrains.kotlin.gradle.plugin.statistics.KotlinProjectConfigurationMetrics : loaded 2 times (x 69B)
Class com.google.common.collect.ImmutableMapEntry                                     : loaded 2 times (x 83B)
Class org.jetbrains.kotlin.gradle.dsl.PlatformSourceSetConventionsChecker             : loaded 2 times (x 72B)
Class org.jetbrains.kotlin.gradle.targets.native.toolchain.KotlinNativeBundleBuildService$Companion$registerIfAbsent$2$1: loaded 2 times (x 77B)
Class org.jetbrains.kotlin.gradle.tasks.configuration.BaseKotlinCompileConfig$1       : loaded 2 times (x 77B)
Class org.jetbrains.kotlin.gradle.plugin.statistics.FinalizeConfigurationFusMetricActionKt$FinalizeConfigurationFusMetricAction$1: loaded 2 times (x 93B)
Class org.jetbrains.kotlin.gradle.tasks.configuration.BaseKotlinCompileConfig$2       : loaded 2 times (x 77B)
Class com.google.common.io.ByteStreams                                                : loaded 2 times (x 69B)
Class org.jetbrains.kotlin.gradle.plugin.mpp.compilationImpl.KotlinCompilationSourceSetsContainer: loaded 2 times (x 68B)
Class org.jetbrains.kotlin.gradle.dsl.AndroidMainSourceSetConventionsChecker$runChecks$1: loaded 2 times (x 86B)
Class org.jetbrains.kotlin.gradle.plugin.diagnostics.KotlinToolingDiagnosticsSetupActionKt$KotlinToolingDiagnosticsSetupAction$1$1: loaded 2 times (x 73B)
Class org.jetbrains.kotlin.gradle.plugin.VariantImplementationFactories$Parameters    : loaded 2 times (x 68B)
Class org.jetbrains.kotlin.gradle.plugin.SubpluginEnvironment                         : loaded 2 times (x 70B)
Class org.jetbrains.kotlin.gradle.incremental.UsesIncrementalModuleInfoBuildService   : loaded 2 times (x 68B)
Class org.jetbrains.kotlin.gradle.plugin.diagnostics.KotlinToolingDiagnosticsSetupActionKt$KotlinToolingDiagnosticsSetupAction$1$2: loaded 2 times (x 93B)
Class org.jetbrains.kotlin.gradle.plugin.KotlinPluginWrapperKt$kotlinPluginVersionFromResources$1: loaded 2 times (x 76B)
Class org.jetbrains.kotlin.gradle.plugin.statistics.DaemonReuseCounter$Companion      : loaded 2 times (x 69B)
Class org.jetbrains.kotlin.gradle.utils.CompatibilityKt                               : loaded 2 times (x 69B)
Class org.jetbrains.kotlin.gradle.plugin.diagnostics.KotlinToolingDiagnosticsSetupActionKt$KotlinToolingDiagnosticsSetupAction$1$3: loaded 2 times (x 73B)
Class org.jetbrains.kotlin.gradle.plugin.KotlinPluginLifecycleImplKt                  : loaded 2 times (x 69B)
Class org.jetbrains.kotlin.gradle.targets.ConfigureBuildSideEffectKt                  : loaded 2 times (x 69B)
Class org.jetbrains.kotlin.gradle.plugin.internal.DefaultConfigurationCacheStartParameterAccessor_Decorated: loaded 2 times (x 123B)
Class kotlin.internal.ProgressionUtilKt                                               : loaded 2 times (x 69B)
Class org.objectweb.asm.signature.SignatureVisitor                                    : loaded 2 times (x 85B)
Class org.jetbrains.kotlin.gradle.plugin.sources.FragmentConsistencyChecker           : loaded 2 times (x 70B)
Class org.jetbrains.kotlin.gradle.tasks.KotlinTasksProvider                           : loaded 2 times (x 70B)
Class org.jetbrains.kotlin.gradle.internal.properties.PropertiesBuildService$Params_Decorated: loaded 2 times (x 132B)
Class org.jetbrains.kotlin.gradle.internal.properties.PropertiesBuildService$Companion$registerIfAbsent$1: loaded 2 times (x 73B)
Class com.google.gson.internal.JsonReaderInternalAccess                               : loaded 2 times (x 70B)
Class com.google.common.base.CharMatcher$Invisible                                    : loaded 2 times (x 110B)
Class [Lorg.apache.commons.compress.archivers.zip.UnparseableExtraFieldBehavior;      : loaded 2 times (x 67B)
Class org.jetbrains.kotlin.gradle.targets.CreateArtifactsSideEffectKt$CreateArtifactsSideEffect$1: loaded 2 times (x 72B)
Class kotlin.reflect.KFunction                                                        : loaded 2 times (x 68B)
Class org.jetbrains.kotlin.gradle.plugin.hierarchy.KotlinSourceSetTreeClassifierKt$sourceSetTreeClassifier$2: loaded 2 times (x 76B)
Class com.google.common.base.Joiner$1                                                 : loaded 2 times (x 78B)
Class kotlin.jvm.KotlinReflectionNotSupportedError                                    : loaded 2 times (x 80B)
Class kotlin.LazyKt__LazyKt                                                           : loaded 2 times (x 69B)
Class com.google.common.collect.MapMaker                                              : loaded 2 times (x 70B)
Class com.google.common.base.Joiner$2                                                 : loaded 2 times (x 77B)
Class com.google.common.collect.HashBiMap                                             : loaded 2 times (x 141B)
Class org.jetbrains.kotlin.gradle.targets.js.npm.SemVer                               : loaded 2 times (x 73B)
Class kotlin.io.TerminateException                                                    : loaded 2 times (x 80B)
Class org.jetbrains.kotlin.gradle.internal.properties.NativePropertiesLoader$Companion: loaded 2 times (x 69B)
Class com.google.common.collect.ImmutableMultiset                                     : loaded 2 times (x 161B)
Class org.jetbrains.kotlin.gradle.dsl.KotlinJvmCompilerOptions                        : loaded 2 times (x 68B)
Class com.google.common.base.CharMatcher$FastMatcher                                  : loaded 2 times (x 109B)
Class org.jetbrains.kotlin.gradle.internal.StdlibDependencyManagementKt$isStdlibAddedByUser$1: loaded 2 times (x 77B)
Class org.apache.commons.compress.archivers.zip.JarMarker                             : loaded 2 times (x 78B)
Class org.jetbrains.kotlin.gradle.dsl.KotlinCommonToolOptions                         : loaded 2 times (x 68B)
Class org.jetbrains.kotlin.gradle.targets.CreateDefaultTestRunSideEffectKt            : loaded 2 times (x 69B)
Class [Lorg.objectweb.asm.Label;                                                      : loaded 2 times (x 67B)
Class org.jetbrains.kotlin.gradle.internal.StdlibDependencyManagementKt$isStdlibAddedByUser$2: loaded 2 times (x 76B)
Class org.gradle.internal.classpath.DefaultClassPath$ImmutableUniqueList              : loaded 2 times (x 159B)
Class org.jetbrains.kotlin.gradle.plugin.KotlinCompilerArgumentsProducer$CreateCompilerArgumentsContext: loaded 2 times (x 68B)
Class org.jetbrains.kotlin.gradle.plugin.mpp.compilationImpl.factory.ConfigurationNaming: loaded 2 times (x 68B)
Class org.jetbrains.kotlin.konan.target.KonanTarget$ANDROID_X64                       : loaded 2 times (x 76B)
Class org.jetbrains.kotlin.gradle.plugin.mpp.KotlinUsages$KotlinMetadataCompatibility : loaded 2 times (x 74B)
Class org.jetbrains.kotlin.gradle.plugin.statistics.KotlinBuildStatsLoggerService$Companion: loaded 2 times (x 69B)
Class org.jetbrains.kotlin.gradle.internal.properties.PropertiesBuildService$MemoizedCallable$value$2: loaded 2 times (x 77B)
Class org.jetbrains.kotlin.gradle.plugin.mpp.compilationImpl.DefaultKotlinCompilationFriendPathsResolver$FriendArtifactResolver: loaded 2 times (x 68B)
Class org.jetbrains.kotlin.gradle.plugin.KotlinGradleBuildServices$Inject             : loaded 2 times (x 98B)
Class build_6p1d6xkz7sy7zss6zwih01j3w$_run_closure1                                   : loaded 2 times (x 137B)
Class org.jetbrains.kotlin.statistics.metrics.SumMetricContainer                      : loaded 2 times (x 78B)
Class org.apache.commons.compress.archivers.zip.ZipFile$BoundedFileChannelInputStream : loaded 2 times (x 92B)
Class org.jetbrains.kotlin.gradle.plugin.diagnostics.checkers.JsLikeEnvironmentChecker: loaded 2 times (x 74B)
Class org.jetbrains.kotlin.gradle.targets.js.npm.NpmDirectoryDependencyExtension      : loaded 2 times (x 68B)
Class com.google.common.base.CharMatcher$JavaLetter                                   : loaded 2 times (x 109B)
Class com.google.common.collect.ImmutableMultimap$1                                   : loaded 2 times (x 80B)
Class com.google.common.collect.ImmutableMultimap$2                                   : loaded 2 times (x 79B)
Class org.apache.commons.compress.archivers.zip.ZipFile                               : loaded 2 times (x 88B)
Class org.jetbrains.kotlin.gradle.plugin.VariantImplementationFactories$Companion$getProvider$2$1: loaded 2 times (x 77B)
Class org.jetbrains.kotlin.gradle.plugin.KotlinPluginLifecycle$CoroutineStart         : loaded 2 times (x 77B)
Class org.jetbrains.kotlin.tooling.core.TypeUtils                                     : loaded 2 times (x 69B)
Class org.gradle.internal.classpath.TransformedClassPath                              : loaded 2 times (x 94B)
Class org.jetbrains.kotlin.gradle.tasks.configuration.KaptGenerateStubsConfig$Companion$configureLibraries$1: loaded 2 times (x 77B)
Class org.jetbrains.kotlin.gradle.dsl.HasConfigurableKotlinCompilerOptions            : loaded 2 times (x 68B)
Class org.jetbrains.kotlin.gradle.plugin.diagnostics.checkers.JsEnvironmentChecker    : loaded 2 times (x 74B)
Class com.google.common.collect.MapDifference                                         : loaded 2 times (x 68B)
Class org.jetbrains.kotlin.buildtools.api.ExperimentalBuildToolsApi                   : loaded 2 times (x 68B)
Class com.google.common.io.ByteSource$EmptyByteSource                                 : loaded 2 times (x 83B)
Class org.apache.commons.compress.utils.ByteUtils                                     : loaded 2 times (x 69B)
Class org.jetbrains.kotlin.gradle.plugin.BuildFinishedListenerService$Companion$registerIfAbsent$2$1$1: loaded 2 times (x 73B)
Class org.jetbrains.kotlin.compilerRunner.CompilerSystemPropertiesService$Companion$registerIfAbsent$2$1$1: loaded 2 times (x 73B)
Class org.jetbrains.kotlin.gradle.plugin.sources.InternalKotlinSourceSetKt            : loaded 2 times (x 69B)
Class org.jetbrains.kotlin.tooling.core.HasExtras                                     : loaded 2 times (x 68B)
Class com.google.common.collect.Sets$1                                                : loaded 2 times (x 137B)
Class com.google.common.collect.Sets$2                                                : loaded 2 times (x 137B)
Class com.google.common.util.concurrent.AbstractFuture$Trusted                        : loaded 2 times (x 68B)
Class org.jetbrains.kotlin.gradle.artifacts.KotlinNativeKlibArtifactKt$KotlinNativeKlibArtifact$1: loaded 2 times (x 72B)
Class [Lorg.jetbrains.kotlin.gradle.plugin.KotlinPlatformType;                        : loaded 2 times (x 67B)
Class org.jetbrains.kotlin.gradle.plugin.mpp.KotlinAndroidTarget                      : loaded 2 times (x 163B)
Class com.google.common.collect.Sets$3                                                : loaded 2 times (x 137B)
Class com.google.common.graph.SuccessorsFunction                                      : loaded 2 times (x 68B)
Class org.jetbrains.kotlin.gradle.internal.properties.PropertiesBuildService$BooleanGradleProperty: loaded 2 times (x 74B)
Class com.google.common.collect.Sets$4                                                : loaded 2 times (x 137B)
Class org.jetbrains.kotlin.gradle.internal.properties.PropertiesBuildService          : loaded 2 times (x 74B)
Class org.jetbrains.kotlin.gradle.utils.IsolatedKotlinClasspathClassCastException     : loaded 2 times (x 80B)
Class kotlin.text.StringsKt___StringsKt                                               : loaded 2 times (x 69B)
Class [Lcom.google.common.cache.LocalCache$EntryFactory;                              : loaded 2 times (x 67B)
Class org.jetbrains.kotlin.gradle.plugin.statistics.plugins.ObservablePlugins         : loaded 2 times (x 77B)
Class org.jetbrains.kotlin.gradle.internal.KotlinDependenciesManagementKt$CustomizeKotlinDependenciesSetupAction$1$coreLibrariesVersion$1: loaded 2 times (x 77B)
Class org.jetbrains.kotlin.gradle.plugin.statistics.IDaemonReuseCounterMXBean         : loaded 2 times (x 68B)
Class org.jetbrains.kotlin.gradle.plugin.HasCompilerOptions                           : loaded 2 times (x 68B)
Class org.jetbrains.kotlin.statistics.metrics.StringOverridePolicy$OVERRIDE_VERSION_IF_NOT_SET: loaded 2 times (x 83B)
Class org.jetbrains.kotlin.gradle.utils.FutureKt                                      : loaded 2 times (x 69B)
Class org.jetbrains.kotlin.statistics.metrics.StatisticsValuesConsumer                : loaded 2 times (x 68B)
Class org.jetbrains.kotlin.gradle.testing.internal.KotlinTestsRegistry                : loaded 2 times (x 70B)
Class kotlin.Pair                                                                     : loaded 2 times (x 70B)
Class org.jetbrains.kotlin.gradle.plugin.mpp.compilationImpl.KotlinCompilationLanguageSettingsConfigurator: loaded 2 times (x 72B)
Class org.jetbrains.kotlin.statistics.metrics.StringMetrics                           : loaded 2 times (x 78B)
Class com.google.common.io.ByteSink                                                   : loaded 2 times (x 74B)
Class com.google.common.collect.AbstractMapBasedMultimap$WrappedCollection$WrappedIterator: loaded 2 times (x 82B)
Class org.jetbrains.kotlin.gradle.plugin.diagnostics.checkers.DuplicateSourceSetChecker$runChecks$1: loaded 2 times (x 86B)
Class org.jetbrains.kotlin.gradle.plugin.KotlinCompilerArgumentsProducer              : loaded 2 times (x 68B)
Class org.objectweb.asm.MethodWriter                                                  : loaded 2 times (x 104B)
Class org.jetbrains.kotlin.gradle.plugin.internal.ConfigurationCacheStartParameterAccessor: loaded 2 times (x 68B)
Class kotlin.collections.AbstractList$Companion                                       : loaded 2 times (x 69B)
Class org.jetbrains.kotlin.gradle.plugin.KotlinTargetConfiguratorKt                   : loaded 2 times (x 69B)
Class org.jetbrains.kotlin.gradle.plugin.mpp.InternalKotlinCompilation$DefaultImpls   : loaded 2 times (x 69B)
Class org.jetbrains.kotlin.gradle.plugin.sources.DefaultKotlinSourceSet_Decorated     : loaded 2 times (x 190B)
Class com.google.common.collect.Platform                                              : loaded 2 times (x 69B)
Class org.jetbrains.kotlin.gradle.dsl.KotlinCommonCompilerToolOptionsDefault          : loaded 2 times (x 82B)
Class org.jetbrains.kotlin.gradle.report.ConfigureReporingKt                          : loaded 2 times (x 69B)
Class com.google.common.collect.ImmutableAsList                                       : loaded 2 times (x 169B)
Class org.jetbrains.kotlin.gradle.tasks.CacheableTasksKt$cacheOnlyIfEnabledForKotlin$1: loaded 2 times (x 73B)
Class org.jetbrains.kotlin.gradle.dsl.jvm.JvmTargetValidationMode                     : loaded 2 times (x 77B)
Class kotlin.SynchronizedLazyImpl                                                     : loaded 2 times (x 74B)
Class org.jetbrains.kotlin.gradle.tasks.internal.KotlinJvmOptionsCompat               : loaded 2 times (x 101B)
Class com.google.common.util.concurrent.ExecutionError                                : loaded 2 times (x 80B)
Class com.google.common.io.ByteSink$AsCharSink                                        : loaded 2 times (x 78B)
Class org.jetbrains.kotlin.gradle.tasks.KotlinCompilerExecutionStrategy$Companion     : loaded 2 times (x 69B)
Class org.jetbrains.kotlin.konan.target.KonanTarget$WATCHOS_ARM64                     : loaded 2 times (x 76B)
Class org.jetbrains.kotlin.gradle.plugin.KotlinPluginLifecycleImpl                    : loaded 2 times (x 78B)
Class com.google.common.base.Equivalence$Identity                                     : loaded 2 times (x 80B)
Class org.jetbrains.kotlin.gradle.dsl.PlatformSourceSetConventionsChecker$runChecks$1 : loaded 2 times (x 86B)
Class [Lorg.jetbrains.kotlin.gradle.plugin.KotlinPluginLifecycle$Stage;               : loaded 2 times (x 67B)
Class com.google.common.base.CharMatcher$AnyOf                                        : loaded 2 times (x 110B)
Class com.google.common.base.CharMatcher$IsEither                                     : loaded 2 times (x 109B)
Class kotlin.collections.SetsKt__SetsKt                                               : loaded 2 times (x 69B)
Class com.google.common.collect.ImmutableSortedMapFauxverideShim                      : loaded 2 times (x 118B)
Class org.jetbrains.kotlin.gradle.dsl.PlatformSourceSetConventionsChecker$runChecks$2 : loaded 2 times (x 76B)
Class org.apache.commons.compress.archivers.zip.ZipArchiveEntry$ExtraFieldParsingMode$1: loaded 2 times (x 87B)
Class org.jetbrains.kotlin.gradle.internal.CompilerOptionsDslHelpersKt                : loaded 2 times (x 69B)
Class org.jetbrains.kotlin.konan.target.HostManager$targetValues$2                    : loaded 2 times (x 76B)
Class org.jetbrains.kotlin.gradle.dsl.PlatformSourceSetConventionsChecker$runChecks$3 : loaded 2 times (x 76B)
Class [Lorg.jetbrains.kotlin.gradle.plugin.diagnostics.ToolingDiagnostic$Severity;    : loaded 2 times (x 67B)
Class org.jetbrains.kotlin.gradle.plugin.StatisticsBuildFlowManager$Companion         : loaded 2 times (x 69B)
Class org.jetbrains.kotlin.gradle.plugin.statistics.BuildFusService$Companion         : loaded 2 times (x 69B)
Class org.jetbrains.kotlin.gradle.plugin.internal.CustomPropertiesFileValueSource$Inject: loaded 2 times (x 111B)
Class org.jetbrains.kotlin.gradle.plugin.PluginWrappersKt                             : loaded 2 times (x 69B)
Class com.google.common.collect.AbstractIterator$1                                    : loaded 2 times (x 69B)
Class org.apache.commons.compress.archivers.zip.ZipArchiveEntry$ExtraFieldParsingMode$2: loaded 2 times (x 87B)
Class org.jetbrains.kotlin.gradle.dsl.PlatformSourceSetConventionsChecker$runChecks$4 : loaded 2 times (x 76B)
Class org.jetbrains.kotlin.gradle.dsl.KotlinCommonCompilerToolOptionsHelper           : loaded 2 times (x 69B)
Class org.jetbrains.kotlin.gradle.plugin.mpp.KotlinCompilationsKt$sam$java_util_concurrent_Callable$0: loaded 2 times (x 73B)
Class kotlin.io.CloseableKt                                                           : loaded 2 times (x 69B)
Class com.google.common.io.CharSource                                                 : loaded 2 times (x 83B)
Class org.jetbrains.kotlin.gradle.tasks.configuration.AbstractKotlinCompileConfig     : loaded 2 times (x 70B)
Class org.jetbrains.kotlin.gradle.dsl.PlatformSourceSetConventionsChecker$runChecks$6 : loaded 2 times (x 86B)
Class org.jetbrains.kotlin.gradle.plugin.mpp.compilationImpl.KotlinCreateNativeCompileTasksSideEffectKt$special$$inlined$KotlinCompilationSideEffect$1: loaded 2 times (x 72B)
Class com.google.common.cache.LocalCache                                              : loaded 2 times (x 185B)
Class org.apache.commons.compress.archivers.zip.ZipArchiveEntry$CommentSource         : loaded 2 times (x 77B)
Class com.google.common.collect.ImmutableRangeSet$Builder                             : loaded 2 times (x 75B)
Class org.jetbrains.kotlin.gradle.plugin.diagnostics.CheckKotlinGradlePluginConfigurationErrorsKt$addDependsOnFromTasksThatShouldFailWhenErrorsReported$1: loaded 2 times (x 73B)
Class org.jetbrains.kotlin.gradle.targets.CreateTargetConfigurationsSideEffectKt$CreateTargetConfigurationsSideEffect$1: loaded 2 times (x 72B)
Class org.jetbrains.kotlin.gradle.plugin.KotlinPluginLifecycleImpl$launch$coroutine$1 : loaded 2 times (x 74B)
Class org.jetbrains.kotlin.gradle.targets.CreateDefaultTestRunSideEffectKt$special$$inlined$KotlinTargetSideEffect$1: loaded 2 times (x 72B)
Class com.google.common.collect.RegularImmutableList                                  : loaded 2 times (x 172B)
Class org.jetbrains.kotlin.gradle.plugin.diagnostics.KotlinToolingDiagnostics         : loaded 2 times (x 69B)
Class org.jetbrains.kotlin.gradle.internal.StdlibDependencyManagementKt$addStdlibDependency$1: loaded 2 times (x 73B)
Class org.jetbrains.kotlin.gradle.dsl.KotlinCommonOptions                             : loaded 2 times (x 68B)
Class org.jetbrains.kotlin.gradle.plugin.HasKotlinDependencies                        : loaded 2 times (x 68B)
Class org.jetbrains.kotlin.statistics.fileloggers.MetricsContainer                    : loaded 2 times (x 75B)
Class com.google.common.util.concurrent.AbstractFuture$UnsafeAtomicHelper$1           : loaded 2 times (x 74B)
Class org.jetbrains.kotlin.cli.common.arguments.Freezable                             : loaded 2 times (x 70B)
Class org.jetbrains.kotlin.gradle.plugin.mpp.KotlinTargetSoftwareComponentImplKt$KotlinTargetSoftwareComponent$1$1$configuration$1: loaded 2 times (x 77B)
Class com.google.common.base.CharMatcher$JavaUpperCase                                : loaded 2 times (x 109B)
Class [Lkotlin.Function;                                                              : loaded 2 times (x 67B)
Class org.apache.commons.compress.archivers.zip.UnparseableExtraFieldBehavior         : loaded 2 times (x 68B)
Class org.jetbrains.kotlin.gradle.plugin.mpp.SyncLanguageSettingsWithKotlinExtensionSetupActionKt$SyncLanguageSettingsWithKotlinExtensionSetupAction$1: loaded 2 times (x 93B)
Class com.google.common.collect.Multiset                                              : loaded 2 times (x 68B)
Class org.jetbrains.kotlin.gradle.tasks.K2MultiplatformStructure$RefinesEdge          : loaded 2 times (x 70B)
Class com.google.common.collect.ImmutableSet$CachingAsList                            : loaded 2 times (x 145B)
Class org.jetbrains.kotlin.gradle.plugin.mpp.compilationImpl.KotlinCreateNativeCompileTasksSideEffectKt: loaded 2 times (x 69B)
Class build_6p1d6xkz7sy7zss6zwih01j3w                                                 : loaded 2 times (x 178B)
Class org.jetbrains.kotlin.gradle.tasks.KotlinJavaToolchain$JavaToolchainSetter       : loaded 2 times (x 68B)
Class org.jetbrains.kotlin.gradle.plugin.VariantImplementationFactoriesConfigurator$Companion: loaded 2 times (x 69B)
Class org.jetbrains.kotlin.konan.target.KonanTarget$ANDROID_X86                       : loaded 2 times (x 76B)
Class org.jetbrains.kotlin.gradle.tooling.BuildKotlinToolingMetadataTask              : loaded 2 times (x 315B)
Class com.google.common.collect.AbstractMultimap$Entries                              : loaded 2 times (x 118B)
Class org.jetbrains.kotlin.gradle.plugin.KotlinCompilerPluginSupportPlugin            : loaded 2 times (x 68B)
Class org.jetbrains.kotlin.gradle.internal.properties.NativeProperties                : loaded 2 times (x 68B)
Class kotlin.comparisons.ComparisonsKt__ComparisonsKt                                 : loaded 2 times (x 69B)
Class org.jetbrains.kotlin.gradle.plugin.mpp.compilationImpl.KotlinCreateResourcesTaskSideEffectKt$KotlinCreateResourcesTaskSideEffect$1: loaded 2 times (x 72B)
Class org.jetbrains.kotlin.gradle.internal.properties.NativePropertiesLoader$userProvidedNativeHome$1: loaded 2 times (x 73B)
Class org.jetbrains.kotlin.gradle.plugin.mpp.compilationImpl.factory.KotlinCompilationImplFactory$KotlinCompilerOptionsFactory$Options: loaded 2 times (x 70B)
Class org.jetbrains.kotlin.gradle.utils.SingleActionPerProject                        : loaded 2 times (x 71B)
Class org.jetbrains.kotlin.gradle.plugin.mpp.AbstractKotlinTarget$components$2        : loaded 2 times (x 77B)
Class org.jetbrains.kotlin.gradle.plugin.diagnostics.checkers.CInteropInputChecker    : loaded 2 times (x 72B)
Class com.google.common.collect.NullsLastOrdering                                     : loaded 2 times (x 113B)
Class org.jetbrains.kotlin.gradle.plugin.mpp.compilationImpl.factory.KotlinCompilationImplFactory: loaded 2 times (x 70B)
Class org.jetbrains.kotlin.gradle.plugin.mpp.KotlinTargetWithBinaries                 : loaded 2 times (x 161B)
Class org.objectweb.asm.MethodVisitor                                                 : loaded 2 times (x 103B)
Class org.jetbrains.kotlin.gradle.dsl.KotlinSingleTargetExtension                     : loaded 2 times (x 122B)
Class kotlin.io.ByteStreamsKt                                                         : loaded 2 times (x 69B)
Class com.google.common.collect.ComparisonChain                                       : loaded 2 times (x 78B)
Class com.google.common.collect.AbstractMapBasedMultimap$KeySet$1                     : loaded 2 times (x 80B)
Class org.jetbrains.kotlin.gradle.plugin.statistics.KotlinBuildStatsMXBean            : loaded 2 times (x 68B)
Class com.google.common.collect.ImmutableMapEntry$NonTerminalImmutableMapEntry        : loaded 2 times (x 83B)
Class org.jetbrains.kotlin.gradle.ExperimentalKotlinGradlePluginApi                   : loaded 2 times (x 68B)
Class com.google.common.collect.AbstractMapBasedMultimap                              : loaded 2 times (x 137B)
Class com.google.gson.stream.JsonToken                                                : loaded 2 times (x 77B)


---------------  S Y S T E M  ---------------

OS:
 Windows 11 , 64 bit Build 26100 (10.0.26100.3575)
OS uptime: 0 days 4:36 hours
Hyper-V role detected

CPU: total 8 (initial active 8) (4 cores per cpu, 2 threads per core) family 6 model 140 stepping 1 microcode 0xb4, cx8, cmov, fxsr, ht, mmx, 3dnowpref, sse, sse2, sse3, ssse3, sse4.1, sse4.2, popcnt, lzcnt, tsc, tscinvbit, avx, avx2, aes, erms, clmul, bmi1, bmi2, adx, avx512f, avx512dq, avx512cd, avx512bw, avx512vl, sha, fma, vzeroupper, avx512_vpopcntdq, avx512_vpclmulqdq, avx512_vaes, avx512_vnni, clflush, clflushopt, clwb, avx512_vbmi2, avx512_vbmi, hv
Processor Information for all 8 processors :
  Max Mhz: 2701, Current Mhz: 2701, Mhz Limit: 2701

Memory: 4k page, system-wide physical 16026M (1092M free)
TotalPageFile size 27214M (AvailPageFile size 11M)
current process WorkingSet (physical memory assigned to process): 2685M, peak: 2696M
current process commit charge ("private bytes"): 2933M, peak: 2948M

vm_info: OpenJDK 64-Bit Server VM (17.0.9+0--11185874) for windows-amd64 JRE (17.0.9+0--11185874), built on Dec  6 2023 18:57:44 by "androidbuild" with MS VC++ 16.10 / 16.11 (VS2019)

END.
